{
    "cup.n.01": [
        [
            -8.067669868469238,
            0.5533257722854614,
            -3.6870944499969482
        ],
        [
            -7.994199275970459,
            0.34742629528045654,
            -4.398314476013184
        ],
        [
            -7.898184776306152,
            0.5137933492660522,
            -3.6460800170898438
        ],
        [
            -8.109541893005371,
            0.38700324296951294,
            -4.371352672576904
        ]
    ],
    "potted_plant.n.01": [
        [
            -0.267326682806015,
            0.8243390321731567,
            -1.192061424255371
        ],
        [
            0.882967472076416,
            0.1243855208158493,
            -6.495254993438721
        ],
        [
            -8.641953468322754,
            0.1243855208158493,
            -1.5311788320541382
        ],
        [
            -3.0151917934417725,
            0.5243855714797974,
            -6.86106014251709
        ],
        [
            -7.680535316467285,
            0.1243855208158493,
            -7.745555877685547
        ],
        [
            -8.775118827819824,
            0.1243855208158493,
            -7.209052562713623
        ],
        [
            2.571967601776123,
            0.1243855208158493,
            -2.043464183807373
        ]
    ],
    "kitchen_island.n.01": [
        [
            -2.8851377964019775,
            0.1243855208158493,
            -2.226924419403076
        ]
    ],
    "television_receiver.n.01": [
        [
            -8.87687873840332,
            0.1243855208158493,
            -4.001921653747559
        ]
    ],
    "towel_rack.n.01,towel.n.01": [
        [
            0.4093356132507324,
            0.1243855208158493,
            -8.134237289428711
        ]
    ],
    "cafeteria_tray.n.01": [
        [
            -8.121824264526367,
            0.5031772255897522,
            -4.292209148406982
        ]
    ],
    "mantel_clock.n.01": [
        [
            -4.342385768890381,
            0.1243855208158493,
            -1.9646885395050049
        ]
    ],
    "bath_mat.n.01": [
        [
            2.0702099800109863,
            0.1243855208158493,
            -7.897759443655019
        ],
        [
            0.806190013885498,
            0.1243855208158493,
            -8.23758934512199
        ]
    ],
    "bar_stool.n.01,chair.n.01": [
        [
            -1.768525242805481,
            0.1243855208158493,
            -7.237816333770752
        ],
        [
            -2.4487431049346924,
            0.1243855208158493,
            -8.704352378845215
        ],
        [
            -3.7709999084472656,
            0.1243855208158493,
            -8.64291000366211
        ],
        [
            -4.303223609924316,
            0.1243855208158493,
            -8.03221321105957
        ]
    ],
    "rug.n.01": [
        [
            1.5022300481796265,
            0.1243855208158493,
            -2.188499797075991
        ],
        [
            -8.668197631835938,
            0.3132317066192627,
            -3.927521228790283
        ],
        [
            0.24393495917320251,
            0.1243855208158493,
            -5.531029848394979
        ]
    ],
    "chair.n.01": [
        [
            -6.686021327972412,
            0.2720969617366791,
            -8.680744171142578
        ],
        [
            -8.513094902038574,
            0.3197776675224304,
            -8.267148971557617
        ]
    ],
    "armoire.n.01": [
        [
            -0.5332035422325134,
            0.1243855208158493,
            -3.262408971786499
        ]
    ],
    "picture_frame.n.01": [
        [
            -8.820730209350586,
            0.1243855208158493,
            -4.306451320648193
        ],
        [
            -8.857463836669922,
            0.1243855208158493,
            -4.256194591522217
        ],
        [
            -8.854246139526367,
            0.1243855208158493,
            -3.603409767150879
        ]
    ],
    "wall_art.n.01": [
        [
            -3.3995299339294434,
            0.1243855208158493,
            -6.211174490381779
        ],
        [
            -5.088050365447998,
            0.1243855208158493,
            -1.217061161994934
        ]
    ],
    "balcony.n.02": [
        [
            -7.2234697341918945,
            0.15304838120937347,
            -7.98699951171875
        ],
        [
            -8.945256233215332,
            0.1243855208158493,
            -7.79208517074585
        ]
    ],
    "kitchen_cabinet.n.02": [
        [
            -2.8976283073425293,
            0.1243855208158493,
            -1.8863537311553955
        ]
    ],
    "armchair.n.01": [
        [
            -8.98730182647705,
            0.1243855208158493,
            -5.1310445588204345
        ],
        [
            -8.973901748657227,
            0.1243855208158493,
            -2.748834446142041
        ],
        [
            2.8286242485046387,
            0.1243855208158493,
            -1.1773680938858888
        ],
        [
            2.9550299644470215,
            0.1243855208158493,
            -3.5847296962302977
        ]
    ],
    "sofa.n.01": [
        [
            -7.178635597229004,
            0.5731804966926575,
            -3.942229747772217
        ]
    ],
    "wall_mirror.n.01": [
        [
            0.5948755145072937,
            0.9195851683616638,
            -0.9579826593399048
        ]
    ],
    "dishwasher.n.01": [
        [
            -5.010872840881348,
            0.1243855208158493,
            -1.4322062730789185
        ]
    ],
    "towel.n.01,towel_rail.n.01": [
        [
            2.977652072906494,
            0.1243855208158493,
            -7.702627182006836
        ]
    ],
    "surfboard.n.01": [
        [
            -6.1324005126953125,
            0.1243855208158493,
            -6.588349342346191
        ]
    ],
    "swivel_chair.n.01": [
        [
            2.5939342975616455,
            0.1243855208158493,
            -2.975135326385498
        ]
    ],
    "double_bed.n.01": [
        [
            0.17336405813694,
            0.7263839244842529,
            -1.5942654609680176
        ]
    ],
    "bench.n.01": [
        [
            -3.256460189819336,
            0.5243855714797974,
            -6.814016342163086
        ]
    ],
    "chandelier.n.01": [
        [
            -2.9759931564331055,
            0.5243855714797974,
            -6.862908840179443
        ]
    ],
    "desk.n.01": [
        [
            2.5946385860443115,
            0.1243855208158493,
            -2.009100914001465
        ]
    ],
    "hamper.n.02": [
        [
            4.543436050415039,
            0.1243855208158493,
            -8.458272933959961
        ]
    ],
    "candlestick.n.01,candle.n.01": [
        [
            -3.9989914894104004,
            0.1243855208158493,
            -1.8575338125228882
        ]
    ],
    "book.n.02": [
        [
            -4.431680202484131,
            0.1243855208158493,
            -1.9897418022155762
        ]
    ],
    "shoe.n.01": [
        [
            2.377535343170166,
            0.1243855208158493,
            -3.8723230361938477
        ],
        [
            1.6949923038482666,
            0.1243855208158493,
            -4.9622673988342285
        ],
        [
            1.6902903318405151,
            0.1243855208158493,
            -4.974992275238037
        ],
        [
            2.206653594970703,
            0.1243855208158493,
            -3.8912250995635986
        ],
        [
            1.6623203754425049,
            0.1243855208158493,
            -5.030050277709961
        ]
    ],