{
    "footstool.n.01": [
        [
            2.0429282188415527,
            0.45337384939193726,
            5.026723384857178
        ],
        [
            -0.05959000065922737,
            0.15372097492218018,
            10.930519406168457
        ],
        [
            7.440770149230957,
            0.15372097492218018,
            2.1740399495339346
        ],
        [
            7.440770149230957,
            0.15372097492218018,
            1.431979928494691
        ],
        [
            -1.6606299877166748,
            0.15372097492218018,
            7.28388933635415
        ]
    ],
    "bar_stool.n.01": [
        [
            1.1357054710388184,
            0.15372097492218018,
            -3.598893404006958
        ],
        [
            4.7000274658203125,
            0.15372097492218018,
            1.3583942651748657
        ],
        [
            -1.3409451246261597,
            0.15372097492218018,
            4.0582451820373535
        ],
        [
            -1.046644687652588,
            0.15372097492218018,
            2.673682689666748
        ]
    ],
    "book.n.02": [
        [
            0.4275379478931427,
            0.15372097492218018,
            -4.0068359375
        ],
        [
            -8.562591552734375,
            0.15372097492218018,
            -2.271789312362671
        ],
        [
            0.9276017546653748,
            0.15372097492218018,
            -2.7320451736450195
        ]
    ],
    "bookcase.n.01": [
        [
            2.7856054306030273,
            0.18403640389442444,
            0.07751863449811935
        ],
        [
            1.999924898147583,
            0.16321322321891785,
            0.06413228809833527
        ],
        [
            1.4115979671478271,
            0.15877990424633026,
            0.06128229945898056
        ]
    ],
    "vase.n.01": [
        [
            -6.880936145782471,
            0.2760604918003082,
            -2.8802542686462402
        ],
        [
            -8.814793586730957,
            0.9537209868431091,
            2.666361093521118
        ],
        [
            -6.7191877365112305,
            0.3280320167541504,
            -2.844527244567871
        ],
        [
            -8.626385688781738,
            0.15372097492218018,
            -4.349511623382568
        ]
    ],
    "wall_art.n.01": [
        [
            -5.557875633239746,
            0.1551741659641266,
            -6.135648250579834
        ],
        [
            2.0331742763519287,
            0.15372097492218018,
            6.910669326782227
        ],
        [
            8.286481857299805,
            0.15372097492218018,
            -2.214221239089966
        ],
        [
            0.29737070202827454,
            0.15372097492218018,
            3.9387967586517334
        ],
        [
            8.425023078918457,
            0.15372097492218018,
            0.2925187051296234
        ],
        [
            0.2978530526161194,
            0.15372097492218018,
            3.064311981201172
        ],
        [
            4.278533458709717,
            0.15372097492218018,
            3.8582277297973633
        ],
        [
            0.3978324234485626,
            0.15372097492218018,
            -5.525428771972656
        ],
        [
            0.40427684783935547,
            0.15372097492218018,
            -5.978796482086182
        ],
        [
            6.449568748474121,
            0.15372097492218018,
            0.2584848403930664
        ],
        [
            -10.071609497070312,
            0.15372097492218018,
            -0.35040178894996643
        ],
        [
            0.29989588260650635,
            0.15372097492218018,
            3.4208059310913086
        ],
        [
            -3.7248270511627197,
            0.15372097492218018,
            -0.3720114827156067
        ],
        [
            -8.101773262023926,
            0.15372097492218018,
            -0.3801838159561157
        ]
    ],
    "armchair.n.01": [
        [
            -6.412953853607178,
            0.17930614948272705,
            -4.3015642166137695
        ],
        [
            -7.509852886199951,
            0.5704711079597473,
            -4.475470066070557
        ]
    ],
    "bed.n.01": [
        [
            8.958277702331543,
            0.7537209987640381,
            1.9302656650543213
        ],
        [
            2.6010303497314453,
            0.7537209987640381,
            -6.521477699279785
        ],
        [
            4.078427791595459,
            0.9770717024803162,
            5.3810529708862305
        ]
    ],
    "rug.n.01": [
        [
            2.843447208404541,
            0.15372097492218018,
            -4.824821472167969
        ],
        [
            -4.281785011291504,
            0.15372097492218018,
            3.871534824371338
        ],
        [
            -6.886029243469238,
            0.41350454092025757,
            -2.932115316390991
        ]
    ],
    "soap.n.01": [
        [
            -1.0747473239898682,
            0.15372097492218018,
            5.898871421813965
        ]
    ],
    "hamper.n.02": [
        [
            -1.2452335357666016,
            0.15372097492218018,
            5.785048484802246
        ]
    ],
    "bench.n.01": [
        [
            3.0671846866607666,
            0.553721010684967,
            0.44201093912124634
        ],
        [
            -0.31202998757362366,
            0.15372097492218018,
            -5.114789657903316
        ]
    ],
    "washer.n.03": [
        [
            -0.3313741087913513,
            0.15372097492218018,
            5.869055271148682
        ],
        [
            -0.881058931350708,
            0.15372097492218018,
            5.884748458862305
        ]
    ],
    "potted_plant.n.01": [
        [
            2.7429580688476562,
            0.16962575912475586,
            0.06825463473796844
        ],
        [
            1.2492740154266357,
            0.1959674060344696,
            0.10590143501758575
        ],
        [
            5.738559722900391,
            0.15372097492218018,
            -0.8474646210670471
        ],
        [
            2.7599194049835205,
            0.15372097492218018,
            2.3266613483428955
        ],
        [
            2.135305643081665,
            0.15568408370018005,
            0.059292130172252655
        ]
    ],
    "kitchen_cabinet.n.02": [
        [
            -4.424693584442139,
            0.15372097492218018,
            3.8752503395080566
        ]
    ],
    "bathtub.n.01": [
        [
            8.290397644042969,
            0.15372097492218018,
            -1.6426212787628174
        ],
        [
            2.1643600463867188,
            0.15372097492218018,
            10.370229102955477
        ]
    ],
    "serving_cart.n.01": [
        [
            -8.702178001403809,
            0.15372097492218018,
            4.103636741638184
        ]
    ],
    "wall_mirror.n.01": [
        [
            -9.513262748718262,
            0.25018444657325745,
            -2.6047890186309814
        ],
        [
            0.3612852692604065,
            0.15372097492218018,
            -4.075268268585205
        ],
        [
            1.9375829696655273,
            0.15372097492218018,
            -0.8661154508590698
        ],
        [
            8.046234130859375,
            0.15372097492218018,
            -0.38778433203697205
        ],
        [
            -1.3510100841522217,
            0.3921509385108948,
            7.275293350219727
        ],
        [
            -7.754927635192871,
            0.15372097492218018,
            4.547364234924316
        ],
        [
            0.392400324344635,
            0.15372097492218018,
            -4.490319728851318
        ],
        [
            6.770605087280273,
            0.15372097492218018,
            0.260324627161026
        ]
    ],