{
    "cup.n.01": [
        [
            -7.973606109619141,
            0.3019849359989166,
            -3.4731645584106445
        ],
        [
            -8.191204071044922,
            0.20784828066825867,
            -4.493402004241943
        ],
        [
            -7.883939743041992,
            0.4237263798713684,
            -3.570345878601074
        ],
        [
            -8.069694519042969,
            0.3695277273654938,
            -4.383257865905762
        ]
    ],
    "potted_plant.n.01": [
        [
            -0.3403141498565674,
            0.8102800250053406,
            -1.2148911952972412
        ],
        [
            0.8806728720664978,
            0.1243855208158493,
            -6.446574687957764
        ],
        [
            -8.645736694335938,
            0.1243855208158493,
            -1.669877290725708
        ],
        [
            -2.8194732666015625,
            0.5243855714797974,
            -6.872053146362305
        ],
        [
            -7.692529678344727,
            0.1243855208158493,
            -7.79954719543457
        ],
        [
            -8.778504371643066,
            0.1243855208158493,
            -7.319786071777344
        ],
        [
            2.5683767795562744,
            0.1243855208158493,
            -2.048795461654663
        ]
    ],
    "kitchen_island.n.01": [
        [
            -2.9930944442749023,
            0.1243855208158493,
            -2.23565673828125
        ]
    ],
    "television_receiver.n.01": [
        [
            -8.876380920410156,
            0.1243855208158493,
            -3.9112305641174316
        ]
    ],
    "towel_rack.n.01,towel.n.01": [
        [
            0.40399086475372314,
            0.1243855208158493,
            -8.249296188354492
        ]
    ],
    "cafeteria_tray.n.01": [
        [
            -8.07477855682373,
            0.4513248801231384,
            -3.6024322509765625
        ]
    ],
    "mantel_clock.n.01": [
        [
            -4.550200462341309,
            0.1243855208158493,
            -1.9545634984970093
        ]
    ],
    "bath_mat.n.01": [
        [
            2.0702099800109863,
            0.1243855208158493,
            -7.897759443655019
        ],
        [
            0.806190013885498,
            0.1243855208158493,
            -8.23758934512199
        ]
    ],
    "bar_stool.n.01,chair.n.01": [
        [
            -1.7716708183288574,
            0.1243855208158493,
            -7.228278636932373
        ],
        [
            -2.4945130348205566,
            0.1243855208158493,
            -8.759727478027344
        ],
        [
            -3.9033102989196777,
            0.1243855208158493,
            -8.35148811340332
        ],
        [
            -4.289371490478516,
            0.1243855208158493,
            -8.041424751281738
        ]
    ],
    "rug.n.01": [
        [
            1.5022300481796265,
            0.1243855208158493,
            -2.188499797075991
        ],
        [
            -8.59730339050293,
            0.30344733595848083,
            -3.7809650897979736
        ],
        [
            0.24393495917320251,
            0.1243855208158493,
            -5.531029848394979
        ]
    ],
    "chair.n.01": [
        [
            -6.660179138183594,
            0.23827379941940308,
            -8.67881965637207
        ],
        [
            -8.561593055725098,
            0.3971957564353943,
            -8.313446998596191
        ]
    ],
    "armoire.n.01": [
        [
            -0.12896709144115448,
            0.1243855208158493,
            -3.2935268878936768
        ]
    ],
    "picture_frame.n.01": [
        [
            -8.850817680358887,
            0.1243855208158493,
            -4.174114227294922
        ],
        [
            -8.87743091583252,
            0.1243855208158493,
            -4.180513381958008
        ],
        [
            -8.858184814453125,
            0.1243855208158493,
            -3.6386280059814453
        ]
    ],
    "wall_art.n.01": [
        [
            -3.3995299339294434,
            0.1243855208158493,
            -6.211174490381779
        ],
        [
            -5.0044379234313965,
            0.1243855208158493,
            -1.2988173961639404
        ]
    ],
    "balcony.n.02": [
        [
            -7.196237564086914,
            0.1243855208158493,
            -7.8459930419921875
        ],
        [
            -8.929300308227539,
            0.1243855208158493,
            -7.778049468994141
        ]
    ],
    "kitchen_cabinet.n.02": [
        [
            -3.1774098873138428,
            0.1243855208158493,
            -1.8886005878448486
        ]
    ],
    "armchair.n.01": [
        [
            -8.98730182647705,
            0.1243855208158493,
            -5.1310445588204345
        ],
        [
            -8.973901748657227,
            0.1243855208158493,
            -2.748834446142041
        ],
        [
            2.8286242485046387,
            0.1243855208158493,
            -1.1773680938858888
        ],
        [
            2.9550299644470215,
            0.1243855208158493,
            -3.5847296962302977
        ]
    ],
    "sofa.n.01": [
        [
            -7.123920917510986,
            0.5950663685798645,
            -3.9705896377563477
        ]
    ],
    "wall_mirror.n.01": [
        [
            0.10537383705377579,
            0.9243855476379395,
            -0.9311033487319946
        ]
    ],
    "dishwasher.n.01": [
        [
            -5.015970230102539,
            0.1243855208158493,
            -1.4495086669921875
        ]
    ],
    "towel.n.01,towel_rail.n.01": [
        [
            2.899170160293579,
            0.1243855208158493,
            -7.671736240386963
        ]
    ],
    "surfboard.n.01": [
        [
            -6.137530326843262,
            0.1243855208158493,
            -6.595124244689941
        ]
    ],
    "swivel_chair.n.01": [
        [
            2.5950472354888916,
            0.1243855208158493,
            -2.966247081756592
        ]
    ],
    "double_bed.n.01": [
        [
            -0.07765469700098038,
            0.7401711344718933,
            -1.5529038906097412
        ]
    ],
    "bench.n.01": [
        [
            -3.046050786972046,
            0.5243855714797974,
            -6.865630149841309
        ]
    ],
    "chandelier.n.01": [
        [
            -2.96626353263855,
            0.5243855714797974,
            -6.85710334777832
        ]
    ],
    "desk.n.01": [
        [
            2.582404613494873,
            0.1243855208158493,
            -2.0411767959594727
        ]
    ],
    "hamper.n.02": [
        [
            4.582331657409668,
            0.1243855208158493,
            -8.417768478393555
        ]
    ],
    "candlestick.n.01,candle.n.01": [
        [
            -3.9860687255859375,
            0.1243855208158493,
            -1.858912467956543
        ]
    ],
    "book.n.02": [
        [
            -4.392366886138916,
            0.1243855208158493,
            -1.9738332033157349
        ]
    ],
    "shoe.n.01": [
        [
            2.146918296813965,
            0.1243855208158493,
            -3.892223596572876
        ],
        [
            1.6788403987884521,
            0.1243855208158493,
            -4.956762790679932
        ],
        [
            1.6247434616088867,
            0.1243855208158493,
            -5.00169563293457
        ],
        [
            2.339170217514038,
            0.1243855208158493,
            -3.8759334087371826
        ],
        [
            1.6657671928405762,
            0.1243855208158493,
            -5.018060684204102
        ]
    ],