{
    "vase.n.01": [
        [
            -4.717601776123047,
            0.31788426637649536,
            -15.56578540802002
        ],
        [
            -6.11008358001709,
            0.5495954155921936,
            -4.277338981628418
        ]
    ],
    "book.n.02": [
        [
            -4.944147109985352,
            0.9395150542259216,
            -3.3631792068481445
        ],
        [
            -3.248570680618286,
            0.5804288983345032,
            -2.744041919708252
        ],
        [
            -3.1536498069763184,
            0.18129834532737732,
            -2.8436398922896355
        ],
        [
            -3.417398452758789,
            0.468777060508728,
            -2.6128735542297363
        ]
    ],
    "easel.n.01": [
        [
            -2.1284563541412354,
            0.7812983393669128,
            -17.84715461730957
        ]
    ],
    "potted_plant.n.01": [
        [
            -3.7290141582489014,
            0.18129834532737732,
            -6.293430328369141
        ],
        [
            -5.99492883682251,
            0.18129834532737732,
            -8.063309669494629
        ],
        [
            -1.3151648044586182,
            0.18129834532737732,
            -12.844585418701172
        ],
        [
            -5.1165876388549805,
            0.3110792636871338,
            -15.737754821777344
        ],
        [
            -5.005584239959717,
            1.0341776609420776,
            -2.2791495323181152
        ],
        [
            -4.7308669090271,
            0.5874599814414978,
            -2.026160478591919
        ]
    ],
    "washer.n.03": [
        [
            -4.1924004554748535,
            0.18129834532737732,
            -8.655814170837402
        ],
        [
            -4.193886756896973,
            0.18129834532737732,
            -8.632684707641602
        ]
    ],
    "end_table.n.01": [
        [
            -1.7907063961029053,
            0.18129834532737732,
            -2.4626224040985107
        ],
        [
            -3.6618595123291016,
            0.18129834532737732,
            -6.299108982086182
        ],
        [
            -2.4321868419647217,
            0.5812983512878418,
            -1.6123528480529785
        ],
        [
            -3.868986129760742,
            0.18889747560024261,
            -12.198426246643066
        ],
        [
            -5.016931056976318,
            1.003965139389038,
            -2.161336898803711
        ],
        [
            -4.325990200042725,
            0.18129834532737732,
            -4.5925140380859375
        ],
        [
            -4.05564546585083,
            0.20804566144943237,
            -1.9461426734924316
        ]
    ],
    "sofa.n.01": [
        [
            -4.612917900085449,
            0.7252792716026306,
            -3.295956611633301
        ],
        [
            -6.244621276855469,
            0.6471805572509766,
            -17.605117797851562
        ]
    ],
    "footstool.n.01": [
        [
            -3.7101941108703613,
            0.4320070445537567,
            -4.125127792358398
        ]
    ],
    "wall_art.n.01": [
        [
            -5.039166450500488,
            0.9894014000892639,
            -2.3243837356567383
        ],
        [
            -5.345318794250488,
            0.18129834532737732,
            -8.119046211242676
        ],
        [
            -0.7789459228515625,
            0.5812983512878418,
            -5.643196105957031
        ],
        [
            -4.493525505065918,
            0.18129834532737732,
            -9.57836627960205
        ],
        [
            -1.0893746614456177,
            0.23466016352176666,
            -2.990969181060791
        ],
        [
            -1.9062297344207764,
            0.38129833340644836,
            -7.943887233734131
        ],
        [
            -2.9577555656433105,
            0.18129834532737732,
            -8.336580276489258
        ],
        [
            -6.0987982749938965,
            0.5302492380142212,
            -4.442867279052734
        ],
        [
            -3.704890012741089,
            0.18129834532737732,
            -5.381453037261963
        ],
        [
            -1.5527803897857666,
            0.34711647033691406,
            -2.258323907852173
        ]
    ],
    "kitchen_cabinet.n.02": [
        [
            -4.9937214851379395,
            0.18129834532737732,
            -6.333705902099609
        ],
        [
            -4.491669178009033,
            0.18129834532737732,
            -6.35070276260376
        ],
        [
            -6.007315158843994,
            0.18129834532737732,
            -6.369508743286133
        ],
        [
            -5.3652448654174805,
            0.18129834532737732,
            -8.091115951538086
        ],
        [
            -6.0450439453125,
            0.18129834532737732,
            -6.453608512878418
        ],
        [
            -5.994560241699219,
            0.18129834532737732,
            -7.573535919189453
        ],
        [
            -5.978923320770264,
            0.18129834532737732,
            -7.950209140777588
        ],
        [
            -6.040327072143555,
            0.18129834532737732,
            -6.427476406097412
        ],
        [
            -6.034185886383057,
            0.18129834532737732,
            -8.005172729492188
        ]
    ],
    "flower_in_vase.n.01": [
        [
            -6.164813995361328,
            0.6434190273284912,
            -4.358287811279297
        ],
        [
            -1.5144171714782715,
            0.7812983393669128,
            -4.795915603637695
        ],
        [
            -6.031365394592285,
            0.18129834532737732,
            -6.329345703125
        ]
    ],
    "table_lamp.n.01": [
        [
            -4.098947525024414,
            0.31939396262168884,
            -1.9385324716567993
        ],
        [
            -1.207230806350708,
            0.7812983393669128,
            -17.85986328125
        ],
        [
            -5.778874397277832,
            0.18129834532737732,
            -4.191527366638184
        ]
    ],
    "armchair.n.01": [
        [
            -1.955641746520996,
            0.18129834532737732,
            -5.762332916259766
        ],
        [
            -2.154041290283203,
            0.18129834532737732,
            -4.352550506591797
        ],
        [
            -2.193260669708252,
            0.18129834532737732,
            -5.535359859466553
        ],
        [
            -5.0413126945495605,
            0.9865397214889526,
            -2.535372495651245
        ],
        [
            -2.2769999504089355,
            0.18129834532737732,
            -1.6007099389606694
        ],
        [
            -3.272735118865967,
            0.5306896567344666,
            -1.7099608182907104
        ],
        [
            -1.4746099710464478,
            0.18129834532737732,
            -17.179198194789933
        ]
    ],
    "clothing_rack.n.01": [
        [
            -1.7921972274780273,
            0.38129833340644836,
            -9.0182523727417
        ],
        [
            -1.291508436203003,
            0.38129833340644836,
            -7.946252822875977
        ]
    ],
    "wall_lamp.n.01": [
        [
            -6.179930210113525,
            0.19276860356330872,
            -12.191411018371582
        ],
        [
            -6.228326797485352,
            0.2996455132961273,
            -14.651958465576172
        ],
        [
            -5.044764995574951,
            0.9819366335868835,
            -2.3686482906341553
        ],
        [
            -1.0189995765686035,
            0.2742019295692444,
            -3.1759681701660156
        ],
        [
            -2.9599475860595703,
            0.18129834532737732,
            -8.492868423461914
        ]
    ],