{
    "vase.n.01": [
        [
            -4.713531494140625,
            0.3133407235145569,
            -15.573318481445312
        ],
        [
            -6.05019474029541,
            0.44692885875701904,
            -4.380135536193848
        ]
    ],
    "book.n.02": [
        [
            -5.017699718475342,
            0.9640217423439026,
            -3.0934135913848877
        ],
        [
            -3.042057752609253,
            0.5247642397880554,
            -3.290670871734619
        ],
        [
            -3.1536498069763184,
            0.18129834532737732,
            -2.8436398922896355
        ],
        [
            -3.4698028564453125,
            0.4045499563217163,
            -2.5375888347625732
        ]
    ],
    "easel.n.01": [
        [
            -2.2500147819519043,
            0.7812983393669128,
            -17.594463348388672
        ]
    ],
    "potted_plant.n.01": [
        [
            -3.698906183242798,
            0.18129834532737732,
            -6.282273769378662
        ],
        [
            -6.035885334014893,
            0.18129834532737732,
            -7.994664669036865
        ],
        [
            -1.333650827407837,
            0.18129834532737732,
            -12.906614303588867
        ],
        [
            -5.216671943664551,
            0.334007203578949,
            -15.670486450195312
        ],
        [
            -5.00545072555542,
            1.034355640411377,
            -2.397339344024658
        ],
        [
            -4.73206901550293,
            0.628074586391449,
            -2.0531277656555176
        ]
    ],
    "washer.n.03": [
        [
            -4.193972110748291,
            0.18129834532737732,
            -8.69221305847168
        ],
        [
            -4.194644927978516,
            0.18129834532737732,
            -8.707374572753906
        ]
    ],
    "end_table.n.01": [
        [
            -1.9654844999313354,
            0.18572451174259186,
            -2.3518459796905518
        ],
        [
            -3.581620693206787,
            0.18129834532737732,
            -6.288150787353516
        ],
        [
            -2.4410300254821777,
            0.5812983512878418,
            -1.6604275703430176
        ],
        [
            -3.9097602367401123,
            0.18129834532737732,
            -12.224649429321289
        ],
        [
            -5.039021015167236,
            0.9895952939987183,
            -2.4801876544952393
        ],
        [
            -4.320250988006592,
            0.18129834532737732,
            -4.608951091766357
        ],
        [
            -4.118563175201416,
            0.3698342740535736,
            -1.962427020072937
        ]
    ],
    "sofa.n.01": [
        [
            -4.288056373596191,
            0.5200377702713013,
            -3.1414899826049805
        ],
        [
            -6.157098770141602,
            0.5887676477432251,
            -17.823049545288086
        ]
    ],
    "footstool.n.01": [
        [
            -3.6362383365631104,
            0.4569341540336609,
            -4.023805141448975
        ]
    ],
    "wall_art.n.01": [
        [
            -5.014842510223389,
            1.0218333005905151,
            -2.2605671882629395
        ],
        [
            -5.3456597328186035,
            0.18129834532737732,
            -8.1227445602417
        ],
        [
            -0.800255537033081,
            0.5812983512878418,
            -5.5726318359375
        ],
        [
            -4.498617649078369,
            0.18129834532737732,
            -9.599811553955078
        ],
        [
            -0.9996938705444336,
            0.2951575517654419,
            -3.1660685539245605
        ],
        [
            -1.8868131637573242,
            0.38129833340644836,
            -7.9283881187438965
        ],
        [
            -2.9807653427124023,
            0.18129834532737732,
            -8.489402770996094
        ],
        [
            -6.265316486358643,
            0.7885955572128296,
            -4.489798545837402
        ],
        [
            -3.6574132442474365,
            0.18129834532737732,
            -5.4200520515441895
        ],
        [
            -1.4941866397857666,
            0.21842165291309357,
            -2.2889323234558105
        ]
    ],
    "kitchen_cabinet.n.02": [
        [
            -4.947643756866455,
            0.18129834532737732,
            -6.366921901702881
        ],
        [
            -4.575811386108398,
            0.18129834532737732,
            -6.335524082183838
        ],
        [
            -5.912449836730957,
            0.18129834532737732,
            -6.359324932098389
        ],
        [
            -5.466427326202393,
            0.18129834532737732,
            -8.113402366638184
        ],
        [
            -5.9992146492004395,
            0.18129834532737732,
            -6.4204583168029785
        ],
        [
            -6.011368274688721,
            0.18129834532737732,
            -7.670933723449707
        ],
        [
            -5.983912944793701,
            0.18129834532737732,
            -8.028225898742676
        ],
        [
            -6.044944763183594,
            0.18129834532737732,
            -6.334216594696045
        ],
        [
            -6.009838581085205,
            0.18129834532737732,
            -8.02454948425293
        ]
    ],
    "flower_in_vase.n.01": [
        [
            -6.150063514709473,
            0.6181325316429138,
            -4.38109016418457
        ],
        [
            -1.4469558000564575,
            0.7812983393669128,
            -5.073782920837402
        ],
        [
            -6.042121887207031,
            0.18129834532737732,
            -6.341287136077881
        ]
    ],
    "table_lamp.n.01": [
        [
            -4.07180118560791,
            0.24958902597427368,
            -1.9391899108886719
        ],
        [
            -1.3492039442062378,
            0.7812983393669128,
            -17.60711097717285
        ],
        [
            -5.7436604499816895,
            0.18129834532737732,
            -4.226729869842529
        ]
    ],
    "armchair.n.01": [
        [
            -1.9591550827026367,
            0.18129834532737732,
            -5.732850551605225
        ],
        [
            -1.9755210876464844,
            0.18129834532737732,
            -3.966935157775879
        ],
        [
            -2.1241397857666016,
            0.18129834532737732,
            -5.526201248168945
        ],
        [
            -5.01304292678833,
            1.0242327451705933,
            -2.6129038333892822
        ],
        [
            -2.2769999504089355,
            0.18129834532737732,
            -1.6007099389606694
        ],
        [
            -3.3634133338928223,
            0.4001682698726654,
            -1.954379677772522
        ],
        [
            -1.4746099710464478,
            0.18129834532737732,
            -17.179198194789933
        ]
    ],
    "clothing_rack.n.01": [
        [
            -1.8614755868911743,
            0.38129833340644836,
            -8.990287780761719
        ],
        [
            -1.2920889854431152,
            0.38129833340644836,
            -7.937338352203369
        ]
    ],
    "wall_lamp.n.01": [
        [
            -6.207406044006348,
            0.2808859348297119,
            -12.291367530822754
        ],
        [
            -6.232963562011719,
            0.32079726457595825,
            -14.638738632202148
        ],
        [
            -5.022672176361084,
            1.007246971130371,
            -2.164003849029541
        ],
        [
            -1.052706003189087,
            0.25461655855178833,
            -3.0912423133850098
        ],
        [
            -2.984189987182617,
            0.18129834532737732,
            -8.344083786010742
        ]
    ],