{
    "window_curtain.n.01": [
        [
            -7.366440773010254,
            0.2865203320980072,
            0.47053787112236023
        ],
        [
            -7.348872184753418,
            0.18017907440662384,
            -1.695155143737793
        ],
        [
            -7.418430805206299,
            0.18017907440662384,
            -7.546539783477783
        ],
        [
            -7.346050262451172,
            0.18017907440662384,
            -6.1845293045043945
        ],
        [
            -6.850358963012695,
            0.18017907440662384,
            -3.1760129928588867
        ]
    ],
    "coffee_table.n.01": [
        [
            -6.331108570098877,
            0.3298947811126709,
            -6.399491786956787
        ]
    ],
    "bed.n.01": [
        [
            -5.748400688171387,
            0.8114767074584961,
            0.595766544342041
        ]
    ],
    "plate.n.04": [
        [
            -2.66909122467041,
            0.18017907440662384,
            -8.078081130981445
        ],
        [
            -2.7003209590911865,
            0.18017907440662384,
            -6.95253849029541
        ],
        [
            -2.7009456157684326,
            0.18017907440662384,
            -7.477095603942871
        ]
    ],
    "ceiling_fan.n.01": [
        [
            -5.913000106811523,
            0.18756099045276642,
            -1.2419997281432202
        ]
    ],
    "wall_art.n.01": [
        [
            -5.344213485717773,
            0.18017907440662384,
            -2.9326794147491455
        ],
        [
            -5.459368705749512,
            0.18017907440662384,
            -2.8826260566711426
        ],
        [
            -6.047609806060791,
            0.18017907440662384,
            -2.8989758491516113
        ],
        [
            -7.173406600952148,
            0.18017907440662384,
            -2.258753538131714
        ],
        [
            -4.81986141204834,
            0.18017907440662384,
            -2.910068988800049
        ],
        [
            -1.7070200443267822,
            0.18017907440662384,
            -2.9214377403259277
        ],
        [
            -6.439846038818359,
            0.18017907440662384,
            -2.956118106842041
        ],
        [
            -3.650775909423828,
            0.18017907440662384,
            1.4686987400054932
        ],
        [
            -1.3971675634384155,
            0.18017907440662384,
            -8.15328598022461
        ]
    ],
    "rug.n.01": [
        [
            -0.4169999957084656,
            0.18756099045276642,
            -3.1959999086856783
        ],
        [
            -5.871450424194336,
            0.18756099045276642,
            -1.2216699587303381
        ],
        [
            -6.188454627990723,
            0.5931456685066223,
            -6.604866981506348
        ]
    ],
    "place_mat.n.01": [
        [
            -2.69038462638855,
            0.18017907440662384,
            -7.128198146820068
        ],
        [
            -2.683990478515625,
            0.18017907440662384,
            -8.16052532196045
        ],
        [
            -2.6413917541503906,
            0.18017907440662384,
            -7.450357437133789
        ]
    ],
    "shower_stall.n.01": [
        [
            -1.2451437711715698,
            0.18017907440662384,
            -2.1215426921844482
        ]
    ],
    "mixer.n.04": [
        [
            -0.6540688872337341,
            0.18017907440662384,
            -7.829880237579346
        ]
    ],
    "toilet.n.02": [
        [
            -0.4326399862766266,
            0.18756099045276642,
            -0.48050001379847274
        ]
    ],
    "potted_plant.n.01": [
        [
            -6.30117130279541,
            0.572069525718689,
            -6.59868049621582
        ]
    ],
    "flower_in_vase.n.01": [
        [
            -6.243274211883545,
            0.18017907440662384,
            -2.922999382019043
        ]
    ],
    "alarm_clock.n.01": [
        [
            -4.580837726593018,
            0.31264528632164,
            1.2180255651474
        ]
    ],
    "desk.n.01": [
        [
            -6.767345428466797,
            0.18017907440662384,
            -3.165311336517334
        ]
    ],
    "towel_rack.n.01,towel.n.01": [
        [
            -1.8103370666503906,
            0.18017907440662384,
            -2.3271548748016357
        ]
    ],
    "chair.n.01": [
        [
            -6.314848899841309,
            0.18017907440662384,
            -4.067943572998047
        ]
    ],
    "pendant_lamp.n.01": [
        [
            -2.678083896636963,
            0.18017907440662384,
            -7.401161193847656
        ]
    ],
    "bar_stool.n.01,chair.n.01": [
        [
            -4.3515472412109375,
            0.18027834594249725,
            -8.034996032714844
        ],
        [
            -4.2788896560668945,
            0.18017907440662384,
            -7.469931125640869
        ],
        [
            -4.348308563232422,
            0.18017907440662384,
            -6.871423721313477
        ]
    ],
    "wall_mirror.n.01": [
        [
            -3.4094693660736084,
            0.18017907440662384,
            -0.6704389452934265
        ],
        [
            -0.32522863149642944,
            0.18017907440662384,
            0.7088218927383423
        ]
    ],
    "nightstand.n.01": [
        [
            -7.1593427658081055,
            0.3963800072669983,
            1.0544520616531372
        ],
        [
            -4.5370402336120605,
            0.2675478458404541,
            1.2661372423171997
        ]
    ],
    "table_lamp.n.01": [
        [
            -4.336971759796143,
            0.18017907440662384,
            1.406239628791809
        ],
        [
            -7.085329055786133,
            0.5186009407043457,
            1.2076376676559448
        ]
    ],
    "wall_clock.n.01": [
        [
            -4.470167636871338,
            0.18023501336574554,
            -8.177776336669922
        ]
    ],
    "tissue_box.n.01": [
        [
            -6.9644341468811035,
            0.5354927182197571,
            1.2141927480697632
        ]
    ],
    "ashcan.n.01": [
        [
            -1.2175852060317993,
            0.18017907440662384,
            -0.6369466185569763
        ]
    ],
    "bath_mat.n.01": [
        [
            -2.0312299728393555,
            0.18756099045276642,
            -1.0174199928390948
        ]
    ],
    "refrigerator.n.01": [
        [
            -1.016653060913086,
            0.18017907440662384,
            -4.364646911621094
        ]
    ],
    "television_receiver.n.01": [
        [
            -6.053045749664307,
            0.18665607273578644,
            -8.152048110961914
        ]
    ],
    "chest_of_drawers.n.01": [
        [
            -5.830516815185547,
            0.18017907440662384,
            -1.735645055770874
        ]
    ],
    "sofa.n.01": [
        [
            -6.465347766876221,
            0.7178056836128235,
            -5.660584449768066
        ]
    ],