{
    "notebook.n.01": [
        [
            -5.518255710601807,
            0.17758864164352417,
            -6.749972343444824
        ]
    ],
    "floor_lamp.n.01": [
        [
            -12.587894439697266,
            0.17758864164352417,
            -6.994900226593018
        ],
        [
            -14.407154083251953,
            0.17758864164352417,
            -15.518295288085938
        ],
        [
            -8.119172096252441,
            0.18659824132919312,
            -10.131413459777832
        ],
        [
            -12.539314270019531,
            0.17758864164352417,
            -5.396676540374756
        ]
    ],
    "range_hood.n.01": [
        [
            -13.50195598602295,
            0.17758864164352417,
            -9.688895225524902
        ]
    ],
    "wall_art.n.01": [
        [
            -16.970245361328125,
            0.17758864164352417,
            -11.258129119873047
        ],
        [
            -15.898029327392578,
            0.17758864164352417,
            -5.369025230407715
        ],
        [
            -16.52492904663086,
            0.17758864164352417,
            -11.249860763549805
        ],
        [
            -13.611403465270996,
            0.17758864164352417,
            -5.297562599182129
        ],
        [
            -4.5074663162231445,
            0.17758864164352417,
            -10.46062183380127
        ],
        [
            -7.672322750091553,
            0.3541713356971741,
            -10.108433723449707
        ],
        [
            -12.908129692077637,
            0.17758864164352417,
            -5.257900238037109
        ],
        [
            -12.92477798461914,
            0.17758864164352417,
            -5.264476299285889
        ],
        [
            -12.999463081359863,
            0.17758864164352417,
            -5.270641326904297
        ],
        [
            -5.548274993896484,
            0.17758864164352417,
            -6.79121732711792
        ],
        [
            -10.061342239379883,
            0.22363820672035217,
            -7.0805888175964355
        ]
    ],
    "stool.n.01": [
        [
            -16.06733512878418,
            0.17758864164352417,
            -8.135200500488281
        ],
        [
            -15.916202545166016,
            0.17758864164352417,
            -8.301015853881836
        ],
        [
            -15.952260971069336,
            0.17758864164352417,
            -8.925787925720215
        ],
        [
            -15.920351028442383,
            0.17758864164352417,
            -9.483606338500977
        ]
    ],
    "knife.n.01": [
        [
            -5.498910903930664,
            0.17758864164352417,
            -6.988417625427246
        ],
        [
            -5.54921293258667,
            0.17758864164352417,
            -5.45161771774292
        ]
    ],
    "sofa.n.01": [
        [
            -17.070026397705078,
            0.4649156332015991,
            -10.124116897583008
        ],
        [
            -15.723916053771973,
            0.5263163447380066,
            -13.104515075683594
        ],
        [
            -14.482401847839355,
            0.4866587817668915,
            -14.172807693481445
        ]
    ],
    "kitchen_cabinet.n.02": [
        [
            -13.561372756958008,
            0.17758864164352417,
            -10.531404495239258
        ],
        [
            -13.550872802734375,
            0.17758864164352417,
            -10.654073715209961
        ],
        [
            -19.282541275024414,
            0.17758864164352417,
            -9.351719856262207
        ],
        [
            -13.546366691589355,
            0.17758864164352417,
            -8.979902267456055
        ],
        [
            -13.49868106842041,
            0.17758864164352417,
            -10.397726058959961
        ],
        [
            -19.26417350769043,
            0.17758864164352417,
            -7.795753479003906
        ]
    ],
    "table_lamp.n.01": [
        [
            -17.57088279724121,
            0.17758864164352417,
            -12.82889175415039
        ],
        [
            -5.508988380432129,
            0.17758864164352417,
            -6.925337314605713
        ]
    ],
    "bathtub.n.01": [
        [
            -10.110990524291992,
            0.17758864164352417,
            -9.847748756408691
        ]
    ],
    "kitchen_island.n.01": [
        [
            -13.934372901916504,
            0.17758864164352417,
            -8.394190788269043
        ]
    ],
    "television_receiver.n.01": [
        [
            -15.299592971801758,
            0.6726859211921692,
            -15.651657104492188
        ]
    ],
    "ceiling_lamp.n.01": [
        [
            -9.848719596862793,
            0.17758864164352417,
            -6.265059407647854
        ],
        [
            -11.848719596862793,
            0.17758864164352417,
            -6.265059407647854
        ],
        [
            -7.848720073699951,
            0.17758864164352417,
            -6.265059407647854
        ],
        [
            -10.744909286499023,
            0.17758864164352417,
            -9.263529058484451
        ],
        [
            -16.11063003540039,
            0.17758864164352417,
            -8.981568587924883
        ],
        [
            -18.11063003540039,
            0.17758864164352417,
            -8.981568587924883
        ],
        [
            -13.924752235412598,
            0.17758864164352417,
            -8.928778648376465
        ],
        [
            -15.672576904296875,
            0.6070072650909424,
            -14.527795791625977
        ]
    ],
    "dining_table.n.01": [
        [
            -17.71137809753418,
            0.17758864164352417,
            -7.6356282234191895
        ]
    ],
    "console_table.n.01": [
        [
            -10.565055847167969,
            0.17758864164352417,
            -5.725383758544922
        ],
        [
            -13.1907377243042,
            0.17758864164352417,
            -14.45456314086914
        ]
    ],
    "coffee_table.n.01": [
        [
            -15.907844543457031,
            0.5473439693450928,
            -14.096780776977539
        ]
    ],
    "wall_mirror.n.01": [
        [
            -5.04148530960083,
            0.19198405742645264,
            -8.599018096923828
        ],
        [
            -10.435264587402344,
            0.17758864164352417,
            -5.732970237731934
        ]
    ],
    "chest_of_drawers.n.01": [
        [
            -8.056248664855957,
            0.17758864164352417,
            -9.291890144348145
        ],
        [
            -13.400135040283203,
            0.17758864164352417,
            -12.495711326599121
        ],
        [
            -5.005406379699707,
            0.17995654046535492,
            -8.580280303955078
        ]
    ],
    "stove.n.01,oven.n.01": [
        [
            -13.558484077453613,
            0.17758864164352417,
            -9.853118896484375
        ]
    ],
    "potted_plant.n.01": [
        [
            -9.232673645019531,
            0.17758864164352417,
            -6.890508651733398
        ],
        [
            -9.317113876342773,
            0.17758864164352417,
            -8.56786823272705
        ],
        [
            -19.173187255859375,
            0.17758864164352417,
            -6.922975063323975
        ],
        [
            -13.005014419555664,
            0.17758864164352417,
            -14.91324520111084
        ]
    ],
    "faucet.n.01": [
        [
            -9.970569610595703,
            0.17758864164352417,
            -9.82288646697998
        ]
    ],