{
    "kitchen_cabinet.n.02": [
        [
            -5.364344596862793,
            0.17830851674079895,
            -5.897106170654297
        ]
    ],
    "wall_decor.n.01": [
        [
            -6.907407760620117,
            0.17830851674079895,
            1.607919454574585
        ],
        [
            -3.14774489402771,
            0.17830851674079895,
            -3.3285882472991943
        ]
    ],
    "footstool.n.01": [
        [
            -6.7848920822143555,
            0.5028344392776489,
            -2.5447957515716553
        ]
    ],
    "chest_of_drawers.n.01": [
        [
            -9.97220230102539,
            0.17830851674079895,
            -3.9057559967041016
        ],
        [
            -4.938900470733643,
            0.1838540881872177,
            3.4713757038116455
        ]
    ],
    "candle.n.01,candlestick.n.01": [
        [
            -5.694195747375488,
            0.17879895865917206,
            3.4996843338012695
        ],
        [
            -6.1062164306640625,
            0.17830851674079895,
            3.837554693222046
        ]
    ],
    "wall_art.n.01": [
        [
            -3.092745304107666,
            0.17830851674079895,
            2.9861345291137695
        ],
        [
            -9.446901321411133,
            0.3869497776031494,
            3.8099470138549805
        ],
        [
            -4.512240886688232,
            0.18407021462917328,
            3.4375202655792236
        ],
        [
            -7.546279430389404,
            0.17830851674079895,
            -6.4568657875061035
        ],
        [
            -3.0898587703704834,
            0.17830851674079895,
            2.9965474605560303
        ],
        [
            -9.609224319458008,
            0.17830851674079895,
            -6.043490409851074
        ],
        [
            -6.439781188964844,
            0.17830851674079895,
            3.880153179168701
        ],
        [
            -3.5183284282684326,
            0.17830851674079895,
            -0.3862042725086212
        ],
        [
            -5.776433944702148,
            0.17830851674079895,
            -0.2976311147212982
        ],
        [
            -8.835012435913086,
            0.17830851674079895,
            1.083640456199646
        ],
        [
            -6.904525279998779,
            0.17830851674079895,
            3.9056575298309326
        ],
        [
            -9.527313232421875,
            0.17830851674079895,
            -5.136157035827637
        ],
        [
            -6.302706718444824,
            0.17830851674079895,
            -1.0828900337219238
        ],
        [
            -6.351919174194336,
            0.17830851674079895,
            -1.054971694946289
        ],
        [
            -4.532158851623535,
            0.17849554121494293,
            3.5013835430145264
        ],
        [
            -6.155690670013428,
            0.17830851674079895,
            3.826857566833496
        ],
        [
            -6.891688346862793,
            0.17830851674079895,
            3.911261558532715
        ],
        [
            -9.013803482055664,
            0.17830851674079895,
            -6.489015579223633
        ],
        [
            -3.3544178009033203,
            0.17830851674079895,
            -1.1509965658187866
        ],
        [
            -3.347557783126831,
            0.17830851674079895,
            -1.1055102348327637
        ],
        [
            -4.412527561187744,
            0.17830851674079895,
            -1.4329841136932373
        ]
    ],
    "refrigerator.n.01": [
        [
            -3.717228412628174,
            0.17830851674079895,
            -5.837518692016602
        ]
    ],
    "bookcase.n.01": [
        [
            -8.579504013061523,
            0.17830851674079895,
            -0.6575533747673035
        ]
    ],
    "rug.n.01": [
        [
            -5.015712261199951,
            0.17830851674079895,
            2.1296652478179112
        ],
        [
            -5.20881462097168,
            0.17830851674079895,
            -2.3982661725123933
        ]
    ],
    "end_table.n.01": [
        [
            -6.577459812164307,
            0.17830851674079895,
            -3.5639798901092945
        ],
        [
            -3.9543662071228027,
            0.17830851674079895,
            -2.5209896564483643
        ]
    ],
    "sofa.n.01": [
        [
            -5.095709800720215,
            0.17830851674079895,
            -3.091176986694336
        ]
    ],
    "towel.n.01": [
        [
            -10.131087303161621,
            0.17830851674079895,
            3.160280704498291
        ]
    ],
    "sculpture.n.01": [
        [
            -9.961315155029297,
            0.17830851674079895,
            -4.030759334564209
        ],
        [
            -8.533711433410645,
            0.17830851674079895,
            -0.5888728499412537
        ]
    ],
    "bath_mat.n.01": [
        [
            -8.25275993347168,
            0.17830851674079895,
            3.408999716699128
        ]
    ],
    "wall_mirror.n.01": [
        [
            -9.948568344116211,
            0.17830851674079895,
            -3.844822883605957
        ],
        [
            -5.1027631759643555,
            0.17868615686893463,
            3.5003161430358887
        ]
    ],
    "television_receiver.n.01": [
        [
            -4.706256866455078,
            0.17830851674079895,
            -1.4357178211212158
        ]
    ],
    "window_curtain.n.01": [
        [
            -3.266763687133789,
            0.17830851674079895,
            -4.049003601074219
        ],
        [
            -3.2908620834350586,
            0.17830851674079895,
            -1.9102129936218262
        ]
    ],
    "potted_plant.n.01": [
        [
            -10.114523887634277,
            0.17830851674079895,
            2.643972873687744
        ],
        [
            -9.984212875366211,
            0.1992943286895752,
            3.442234992980957
        ],
        [
            -3.177248477935791,
            0.17830851674079895,
            2.871199131011963
        ],
        [
            -3.956937789916992,
            0.17830851674079895,
            -2.5671677589416504
        ]
    ],
    "pendant_lamp.n.01": [
        [
            -7.794052600860596,
            0.17830851674079895,
            -4.317224025726318
        ]
    ],
    "canister.n.02": [
        [
            -8.579802513122559,
            0.17830851674079895,
            -0.7586736083030701
        ]
    ],
    "bar_stool.n.01,chair.n.01": [
        [
            -9.234936714172363,
            0.17830851674079895,
            -5.415331840515137
        ],
        [
            -7.162877082824707,
            0.17830851674079895,
            -4.383372783660889
        ],
        [
            -8.435234069824219,
            0.17830851674079895,
            -4.203465461730957
        ],
        [
            -6.985172271728516,
            0.17830851674079895,
            -5.431296348571777
        ]
    ],
    "bathtub.n.01": [
        [
            -9.722999572753906,
            0.17830851674079895,
            2.5849456787109375
        ]
    ],
    "dining_table.n.01": [
        [
            -7.982460021972656,
            0.17830851674079895,
            -6.397546291351318
        ]
    ],
    "double_bed.n.01": [
        [
            -4.664629936218262,
            0.8528727889060974,
            0.13705840706825256
        ]
    ],
    "toilet_paper_holder.n.01,toilet_tissue.n.01": [
        [
            -9.189740180969238,
            0.17830851674079895,
            3.921377182006836
        ]
    ],