{
    "wall_lamp.n.01": [
        [
            -10.318049430847168,
            0.7051774859428406,
            -8.240005493164062
        ]
    ],
    "dollhouse.n.02": [
        [
            -4.058030128479004,
            0.0817263200879097,
            -1.5277998728871367
        ]
    ],
    "toaster.n.02": [
        [
            -12.239625930786133,
            0.0817263200879097,
            -2.918147087097168
        ]
    ],
    "table_lamp.n.01": [
        [
            -2.7950856685638428,
            0.0817263200879097,
            -0.5279209613800049
        ]
    ],
    "bathtub.n.01": [
        [
            -14.818479537963867,
            0.0817263200879097,
            -3.9047963619232178
        ]
    ],
    "ceiling_lamp.n.01": [
        [
            -1.614400029182434,
            0.0817263200879097,
            -2.462319775681493
        ]
    ],
    "plush_toy.n.01": [
        [
            -0.8206466436386108,
            0.08761854469776154,
            -1.3301526308059692
        ],
        [
            -9.049394607543945,
            0.0817263200879097,
            -6.227009386124923
        ],
        [
            -8.968218803405762,
            0.0817263200879097,
            -5.922698608077153
        ],
        [
            -7.129049777984619,
            0.0817263200879097,
            -5.980559469428073
        ],
        [
            -5.246442794799805,
            0.0817263200879097,
            -5.6956939697265625
        ],
        [
            -3.5293519496917725,
            0.0817263200879097,
            -4.330834865570068
        ],
        [
            -2.145625352859497,
            0.0817263200879097,
            -1.3819297920507267
        ],
        [
            -2.8008618354797363,
            0.0817263200879097,
            -0.3929288387298584
        ],
        [
            -0.6819408535957336,
            0.0817263200879097,
            -3.5287890434265137
        ],
        [
            -2.3106672763824463,
            0.08367305994033813,
            -1.197486162185669
        ]
    ],
    "table_mirror.n.01": [
        [
            -12.599567413330078,
            0.0817263200879097,
            -8.387962341308594
        ]
    ],
    "hall_tree.n.01": [
        [
            -5.223186492919922,
            0.0817263200879097,
            -1.5887153148651123
        ]
    ],
    "dining_table.n.01": [
        [
            -8.52894401550293,
            0.0817263200879097,
            -2.028733015060425
        ]
    ],
    "blanket.n.01": [
        [
            -1.386340618133545,
            0.20209409296512604,
            -1.2953205108642578
        ]
    ],
    "wall_art.n.01": [
        [
            -10.624342918395996,
            0.7439507842063904,
            -8.15971565246582
        ],
        [
            -7.332250595092773,
            0.0817263200879097,
            -4.568637371063232
        ],
        [
            -5.201484680175781,
            0.0817263200879097,
            -4.577192783355713
        ],
        [
            -5.0198211669921875,
            0.11141916364431381,
            -3.9379453659057617
        ],
        [
            -4.905392646789551,
            0.3860476315021515,
            -3.9717817306518555
        ],
        [
            -5.857205390930176,
            0.0817263200879097,
            -4.566287517547607
        ],
        [
            -4.149523735046387,
            0.3436368703842163,
            -1.4189263582229614
        ],
        [
            -9.523046493530273,
            0.0817263200879097,
            -4.52407169342041
        ],
        [
            -7.574340343475342,
            0.10057660937309265,
            -8.368366241455078
        ],
        [
            -6.663629531860352,
            0.0817263200879097,
            -4.5217790603637695
        ],
        [
            -2.57912278175354,
            0.2809077501296997,
            -4.347888469696045
        ],
        [
            -4.142794609069824,
            0.1926186978816986,
            -1.0261956453323364
        ],
        [
            -5.782385349273682,
            0.0817263200879097,
            -5.199891567230225
        ],
        [
            -6.983650207519531,
            0.23618336021900177,
            -8.354598999023438
        ],
        [
            -7.583171844482422,
            0.09955354034900665,
            -8.386880874633789
        ]
    ],
    "refrigerator.n.01": [
        [
            -12.652158737182617,
            0.0817263200879097,
            -3.94291090965271
        ]
    ],
    "potted_plant.n.01": [
        [
            -8.014857292175293,
            0.0817263200879097,
            -5.377153396606445
        ],
        [
            -8.564449310302734,
            0.0817263200879097,
            -2.034132480621338
        ],
        [
            -5.1392316818237305,
            0.0817263200879097,
            -4.542159080505371
        ]
    ],
    "sculpture.n.01": [
        [
            -5.204146862030029,
            0.0817263200879097,
            -8.198960304260254
        ],
        [
            -6.333603858947754,
            0.0833548977971077,
            -8.38691520690918
        ]
    ],
    "rug.n.01": [
        [
            -6.219065189361572,
            0.0817263200879097,
            -2.7758799328875483
        ],
        [
            -5.783549785614014,
            0.0817263200879097,
            -6.77806956898749
        ]
    ],
    "letter.n.02,wall_decor.n.01": [
        [
            -0.41967615485191345,
            0.0817263200879097,
            -1.4190984964370728
        ]
    ],
    "mobile.n.03": [
        [
            -0.34232470393180847,
            0.0817263200879097,
            -3.5247387886047363
        ]
    ],
    "armoire.n.01": [
        [
            -12.33793830871582,
            0.0817263200879097,
            -5.796239852905273
        ]
    ],
    "plaything.n.01": [
        [
            -14.76502799987793,
            0.0817263200879097,
            -3.756639003753662
        ],
        [
            -15.479894638061523,
            0.0817263200879097,
            -2.839585304260254
        ],
        [
            -0.7985000014305115,
            0.0817263200879097,
            -1.8711198645162597
        ],
        [
            -3.1212363243103027,
            0.23196160793304443,
            -1.922271490097046
        ]
    ],
    "television_receiver.n.01": [
        [
            -5.657821178436279,
            0.0817263200879097,
            -8.150069236755371
        ]
    ],
    "chair.n.01": [
        [
            -7.490062236785889,
            0.0817263200879097,
            -3.4264490604400635
        ],
        [
            -9.167523384094238,
            0.0817263200879097,
            -3.8277647495269775
        ],
        [
            -8.44445514678955,
            0.0817263200879097,
            -4.0345458984375
        ]
    ],
    "kitchen_cabinet.n.02": [
        [
            -10.569236755371094,
            0.0817263200879097,
            -1.9276224374771118
        ],
        [
            -10.070429801940918,
            0.0817263200879097,
            -1.9532204866409302
        ],
        [
            -11.812761306762695,
            0.0817263200879097,
            -1.9072610139846802
        ],
        [
            -12.239127159118652,
            0.0817263200879097,
            -2.722606897354126
        ],
        [
            -12.25527286529541,
            0.0817263200879097,
            -2.0800881385803223
        ]
    ],
    "sink_cabinet.n.01": [
        [
            -11.02698802947998,
            0.0817263200879097,
            -1.9624674320220947
        ],
        [
            -13.986333847045898,
            0.0817263200879097,
            -2.6854007244110107
        ]
    ],