{
    "rug.n.01": [
        [
            -6.971030235290527,
            0.16056066751480103,
            -2.16093980306745
        ],
        [
            -8.278519630432129,
            0.16056066751480103,
            -2.16093980306745
        ],
        [
            -5.312049388885498,
            0.16056066751480103,
            2.4279299719375302
        ],
        [
            -8.49427318572998,
            0.3184695839881897,
            6.907163143157959
        ],
        [
            -8.577179908752441,
            0.16056066751480103,
            5.502050071832514
        ],
        [
            -8.32859992980957,
            0.16056066751480103,
            -7.315729658858174
        ]
    ],
    "bulletin_board.n.02": [
        [
            -6.866516590118408,
            0.5185142755508423,
            -7.440793991088867
        ]
    ],
    "storage_bench.n.01": [
        [
            -6.926406383514404,
            0.48473042249679565,
            -7.568088054656982
        ]
    ],
    "wall_art.n.01": [
        [
            -0.3079683780670166,
            0.16056066751480103,
            2.414430618286133
        ],
        [
            -0.3059096932411194,
            0.16056066751480103,
            2.1043198108673096
        ],
        [
            -0.34331732988357544,
            0.16056066751480103,
            2.330615997314453
        ],
        [
            -0.29965662956237793,
            0.16056066751480103,
            0.6780102252960205
        ],
        [
            -7.6956329345703125,
            0.16056066751480103,
            0.37877440452575684
        ],
        [
            -0.30221670866012573,
            0.16056066751480103,
            0.8963143825531006
        ],
        [
            -9.377388000488281,
            0.16056066751480103,
            -2.4492313861846924
        ],
        [
            -9.701680183410645,
            0.16056066751480103,
            -6.972121238708496
        ],
        [
            -9.587958335876465,
            0.16056066751480103,
            -7.181835651397705
        ]
    ],
    "mantel_clock.n.01": [
        [
            -4.121640682220459,
            0.16056066751480103,
            0.6838189363479614
        ]
    ],
    "coffee_table.n.01": [
        [
            -9.055134773254395,
            0.16056066751480103,
            -4.0518348186114395
        ],
        [
            -6.111155033111572,
            0.16056066751480103,
            -3.941454890879683
        ],
        [
            -7.419661521911621,
            0.5363665819168091,
            -1.9124791622161865
        ]
    ],
    "toilet.n.02": [
        [
            -0.6172958612442017,
            0.2519955039024353,
            5.779857158660889
        ]
    ],
    "flower_in_vase.n.01": [
        [
            -7.597792148590088,
            0.5009136199951172,
            -1.8457529544830322
        ]
    ],
    "potted_plant.n.01": [
        [
            -7.847894668579102,
            0.16056066751480103,
            0.7246195077896118
        ],
        [
            -7.821341514587402,
            0.16056066751480103,
            3.327375888824463
        ],
        [
            -6.808427810668945,
            0.5471118092536926,
            -7.219329357147217
        ],
        [
            -6.221951484680176,
            0.16056066751480103,
            7.602765083312988
        ],
        [
            -5.022144794464111,
            0.16056066751480103,
            4.853121280670166
        ],
        [
            -1.4817509651184082,
            0.16056066751480103,
            -0.5124684572219849
        ],
        [
            -5.533945083618164,
            0.16056066751480103,
            -0.8908073902130127
        ],
        [
            -4.78436803817749,
            0.16056066751480103,
            5.014151096343994
        ],
        [
            -4.3311238288879395,
            0.3506406545639038,
            5.06632137298584
        ],
        [
            -3.42798113822937,
            0.96056067943573,
            -1.3233580589294434
        ],
        [
            -9.612183570861816,
            0.7605606913566589,
            6.816941261291504
        ],
        [
            -9.18378734588623,
            0.16602744162082672,
            -7.3332061767578125
        ]
    ],
    "fence.n.01": [
        [
            -9.526191711425781,
            0.7605606913566589,
            6.820858478546143
        ],
        [
            -7.235692024230957,
            0.16056066751480103,
            8.100769996643066
        ]
    ],
    "nightstand.n.01": [
        [
            -3.8934738636016846,
            0.16056066751480103,
            0.6418007016181946
        ],
        [
            -6.633599758148193,
            0.16056066751480103,
            0.5903471112251282
        ]
    ],
    "vase.n.01": [
        [
            -7.804825782775879,
            0.16056066751480103,
            -0.7402993440628052
        ],
        [
            -8.071781158447266,
            0.16056066751480103,
            0.3157311975955963
        ]
    ],
    "book.n.02": [
        [
            -6.833878040313721,
            0.5587760806083679,
            -6.95294189453125
        ]
    ],
    "bench.n.01": [
        [
            -5.32135009765625,
            0.16056066751480103,
            2.488649935206766
        ],
        [
            -3.5987799167633057,
            0.16056066751480103,
            -2.560489740342504
        ]
    ],
    "throw_pillow.n.01": [
        [
            -6.578442573547363,
            0.6547030806541443,
            -0.7746320962905884
        ],
        [
            -8.593379974365234,
            0.6395520567893982,
            -0.7904765605926514
        ],
        [
            -9.531457901000977,
            0.7605606913566589,
            7.832571029663086
        ],
        [
            -8.35807991027832,
            0.16059957444667816,
            -4.585955619812012
        ],
        [
            -9.444106101989746,
            0.7605606913566589,
            7.149983882904053
        ],
        [
            -6.201962947845459,
            0.5605607032775879,
            -3.983842611312866
        ],
        [
            -9.481882095336914,
            0.7514854073524475,
            5.0448198318481445
        ],
        [
            -9.451004028320312,
            0.8215116858482361,
            5.663272380828857
        ],
        [
            -6.861062526702881,
            0.7605606913566589,
            -3.7113635540008545
        ]
    ],
    "dining_table.n.01": [
        [
            -3.625298500061035,
            0.96056067943573,
            -2.1164419651031494
        ]
    ],
    "bed.n.01": [
        [
            -5.176848411560059,
            0.9634117484092712,
            1.2895556688308716
        ]
    ],
    "bar_stool.n.01,chair.n.01": [
        [
            -3.1000313758850098,
            0.8898003101348877,
            -0.929619312286377
        ],
        [
            -4.160457611083984,
            0.930351972579956,
            -0.9979990720748901
        ],
        [
            -5.0346150398254395,
            0.16056066751480103,
            -1.378928542137146
        ],
        [
            -2.0738093852996826,
            0.16056066751480103,
            -2.207174301147461
        ],
        [
            -2.892167091369629,
            0.16793107986450195,
            -3.4150302410125732
        ],
        [
            -2.121644973754883,
            0.16056066751480103,
            -3.4291980266571045
        ]
    ],
    "chair.n.01": [
        [
            -4.786557674407959,
            0.16056066751480103,
            6.153732776641846
        ],
        [
            -4.945284843444824,
            0.16056066751480103,
            7.778310775756836
        ]
    ],