{
    "ashcan.n.01": [
        [
            -2.0067901611328125,
            0.15477141737937927,
            -4.770090579986572
        ]
    ],
    "alarm_clock.n.01": [
        [
            -8.157642364501953,
            0.15477141737937927,
            -12.03792667388916
        ]
    ],
    "television_receiver.n.01": [
        [
            -6.155331134796143,
            0.15477141737937927,
            -9.570638656616211
        ]
    ],
    "mantel_clock.n.01": [
        [
            -11.22930908203125,
            0.15477141737937927,
            -8.744786262512207
        ]
    ],
    "shower_stall.n.01": [
        [
            -5.692922592163086,
            0.16274921596050262,
            -7.3231964111328125
        ]
    ],
    "wall_art.n.01": [
        [
            -7.369672775268555,
            0.15477141737937927,
            -11.699407577514648
        ],
        [
            -5.474023342132568,
            0.7805898189544678,
            -11.73985481262207
        ],
        [
            -4.768252372741699,
            0.15477141737937927,
            -6.1307053565979
        ],
        [
            -5.718080520629883,
            0.15477141737937927,
            -6.137148380279541
        ]
    ],
    "dining_table.n.01": [
        [
            -11.575575828552246,
            0.9547713994979858,
            -2.799325704574585
        ]
    ],
    "dressing_table.n.01": [
        [
            -3.6311025619506836,
            0.15477141737937927,
            -7.177922248840332
        ]
    ],
    "flower_in_vase.n.01": [
        [
            -11.622212409973145,
            0.9547713994979858,
            -3.144124984741211
        ],
        [
            -11.408888816833496,
            0.15477141737937927,
            -8.722469329833984
        ]
    ],
    "throw_pillow.n.01": [
        [
            -6.3975725173950195,
            0.7775766253471375,
            -11.102018356323242
        ],
        [
            -6.936911582946777,
            0.7186377644538879,
            -4.673199653625488
        ],
        [
            -5.946780681610107,
            0.7751100063323975,
            -11.230785369873047
        ],
        [
            -8.815506935119629,
            0.3072583079338074,
            -4.313375949859619
        ],
        [
            -8.910478591918945,
            0.7489161491394043,
            -4.647001266479492
        ],
        [
            -5.780210018157959,
            0.7900180220603943,
            -11.230907440185547
        ],
        [
            -7.3476057052612305,
            0.6224307417869568,
            -4.508618354797363
        ],
        [
            -5.808287620544434,
            0.15477141737937927,
            -3.309768694056933
        ],
        [
            -7.375860214233398,
            0.15477141737937927,
            -11.627567291259766
        ],
        [
            -5.784078121185303,
            0.7591806054115295,
            -11.322378158569336
        ],
        [
            -7.273074626922607,
            0.15477141737937927,
            -11.248880386352539
        ]
    ],
    "toaster.n.02": [
        [
            -3.5132834911346436,
            0.15477141737937927,
            -2.2100350856781006
        ]
    ],
    "casserole.n.02": [
        [
            -5.321598052978516,
            0.15477141737937927,
            -1.56170654296875
        ]
    ],
    "mixer.n.04": [
        [
            -3.458967685699463,
            0.15477141737937927,
            -2.2304134368896484
        ]
    ],
    "rug.n.01": [
        [
            -2.227030038833618,
            0.15477141737937927,
            -7.301069301303045
        ],
        [
            -7.918310165405273,
            0.15477141737937927,
            -3.548870113559346
        ],
        [
            -8.96111011505127,
            0.15477141737937927,
            -10.333753923549978
        ]
    ],
    "chest_of_drawers.n.01": [
        [
            -10.80184555053711,
            0.15477141737937927,
            -10.839566230773926
        ],
        [
            -6.242023468017578,
            0.15477141737937927,
            -9.580869674682617
        ]
    ],
    "wall_clock.n.01": [
        [
            -5.498215675354004,
            0.15477141737937927,
            -1.5473554134368896
        ]
    ],
    "bench.n.01": [
        [
            -12.29804801940918,
            0.20960628986358643,
            -5.911848068237305
        ]
    ],
    "nightstand.n.01": [
        [
            -4.8737287521362305,
            0.15477141737937927,
            -11.643562316894531
        ],
        [
            -7.44644832611084,
            0.15477141737937927,
            -11.702335357666016
        ]
    ],
    "swivel_chair.n.01": [
        [
            -10.713071823120117,
            0.15477141737937927,
            -9.842721939086914
        ]
    ],
    "cellular_telephone.n.01": [
        [
            -7.518162250518799,
            0.15477141737937927,
            -11.704343795776367
        ]
    ],
    "throw.n.04": [
        [
            -6.5678181648254395,
            0.15477141737937927,
            -10.006026268005371
        ]
    ],
    "paper_towel.n.01,paper_towel_holder.n.01": [
        [
            -2.663165330886841,
            0.15477141737937927,
            -3.5900909900665283
        ]
    ],
    "clothes_tree.n.01": [
        [
            -1.8994299173355103,
            0.15477141737937927,
            -6.447007179260254
        ]
    ],
    "kitchen_cabinet.n.02": [
        [
            -4.112396240234375,
            0.15477141737937927,
            -2.227548599243164
        ],
        [
            -3.2233290672302246,
            0.15477141737937927,
            -2.6832571029663086
        ]
    ],
    "paper_organizer.n.01": [
        [
            -11.513191223144531,
            0.15477141737937927,
            -11.950410842895508
        ]
    ],
    "seat_cushion.n.01": [
        [
            -5.876328468322754,
            0.7584531903266907,
            -11.299723625183105
        ]
    ],
    "coffee_table.n.01": [
        [
            -7.846890449523926,
            0.15477141737937927,
            -3.3965797783982765
        ]
    ],
    "bed.n.01": [
        [
            -6.017820358276367,
            0.801730215549469,
            -11.13179874420166
        ]
    ],
    "candlestick.n.01,candle.n.01": [
        [
            -7.630529880523682,
            0.15477141737937927,
            -3.3097098028832654
        ]
    ],
    "book.n.02": [
        [
            -7.972877502441406,
            0.15477141737937927,
            -3.5987989885330656
        ]
    ],
    "potted_plant.n.01": [
        [
            -7.011722087860107,
            0.16567620635032654,
            -3.1354143619537354
        ]
    ],
    "end_table.n.01": [
        [
            -11.542701721191406,
            0.15477141737937927,
            -7.287020683288574
        ]
    ],
    "hook.n.05,towel.n.01": [
        [
            -5.133203029632568,
            0.15477141737937927,
            -8.932727813720703
        ]
    ],
    "armchair.n.01": [
        [
            -12.385994911193848,
            0.15477141737937927,
            -3.2447237968444824
        ],
        [
            -11.983811378479004,
            0.15477141737937927,
            -4.226938724517822
        ],
        [
            -11.327951431274414,
            0.15477141737937927,
            -4.260218143463135
        ],
        [
            -10.175487518310547,
            0.1637096405029297,
            -2.611515522003174
        ],
        [
            -11.415752410888672,
            0.15477141737937927,
            -1.9035526514053345
        ]
    ],