{
    "floor_lamp.n.01": [
        [
            -5.928228378295898,
            0.07292835414409637,
            -1.3984220027923584
        ]
    ],
    "throw_pillow.n.01": [
        [
            -5.771791458129883,
            0.49380674958229065,
            -5.666294097900391
        ],
        [
            -6.590784072875977,
            0.4663617014884949,
            -2.6782450675964355
        ],
        [
            -6.453991889953613,
            0.47003108263015747,
            -2.3025424480438232
        ],
        [
            -5.241151809692383,
            0.5185357332229614,
            -5.646250247955322
        ]
    ],
    "kettle.n.01": [
        [
            -10.987346649169922,
            0.07003110647201538,
            -4.384488582611084
        ]
    ],
    "bowl.n.01": [
        [
            -9.3753662109375,
            0.07003110647201538,
            -3.5115926265716553
        ],
        [
            -8.923981666564941,
            0.07003110647201538,
            -4.113251209259033
        ]
    ],
    "wall_shelf.n.01": [
        [
            -13.088138580322266,
            0.1261594146490097,
            -3.7537755966186523
        ],
        [
            -14.4424409866333,
            0.07003110647201538,
            -4.6863250732421875
        ]
    ],
    "showerhead.n.01": [
        [
            -11.317620277404785,
            0.07003110647201538,
            -3.754312038421631
        ],
        [
            -11.272238731384277,
            0.07003110647201538,
            -2.6365299224853516
        ]
    ],
    "pendant_lamp.n.01": [
        [
            -16.429256439208984,
            0.8365834951400757,
            -5.4493560791015625
        ],
        [
            -5.963303089141846,
            0.07003110647201538,
            -3.9739597432416787
        ],
        [
            -11.418160438537598,
            0.07003110647201538,
            -1.5593797819065998
        ]
    ],
    "console_table.n.01": [
        [
            -16.514680862426758,
            0.07003110647201538,
            -1.7321135997772217
        ]
    ],
    "toilet.n.02": [
        [
            -14.215005874633789,
            0.07003110647201538,
            -2.7012064456939697
        ],
        [
            -13.480595588684082,
            0.13424699008464813,
            -3.77964186668396
        ]
    ],
    "end_table.n.01": [
        [
            -5.908414840698242,
            0.10553760826587677,
            -1.4034435749053955
        ],
        [
            -17.669143676757812,
            0.4006976783275604,
            -2.029829978942871
        ],
        [
            -5.8226399421691895,
            0.07003110647201538,
            -4.156499614924201
        ],
        [
            -6.4515299797058105,
            0.07003110647201538,
            -5.195379901207673
        ]
    ],
    "vase.n.01": [
        [
            -4.931783199310303,
            0.7317624092102051,
            -1.836961030960083
        ],
        [
            -4.97550106048584,
            0.8019450306892395,
            -1.7021336555480957
        ]
    ],
    "wall_art.n.01": [
        [
            -16.88753890991211,
            0.6714426875114441,
            -3.2900054454803467
        ],
        [
            -11.054889678955078,
            0.07003110647201538,
            -1.8437206745147705
        ],
        [
            -14.433088302612305,
            0.07003110647201538,
            -3.687112808227539
        ],
        [
            -15.110990524291992,
            0.07003110647201538,
            -2.6214685440063477
        ],
        [
            -5.673620700836182,
            0.3056795597076416,
            -1.3092117309570312
        ],
        [
            -16.436988830566406,
            0.6782600283622742,
            -3.261052370071411
        ],
        [
            -12.182588577270508,
            0.07003110647201538,
            -1.844759464263916
        ]
    ],
    "potted_plant.n.01": [
        [
            -5.510681629180908,
            0.07003110647201538,
            -6.831878185272217
        ],
        [
            -9.077056884765625,
            0.07003110647201538,
            -5.456050395965576
        ],
        [
            -9.30471420288086,
            0.07003110647201538,
            -4.879467010498047
        ],
        [
            -7.923722267150879,
            0.07003110647201538,
            -1.4490715265274048
        ],
        [
            -8.7606201171875,
            0.07003110647201538,
            -2.3058478832244873
        ]
    ],
    "rug.n.01": [
        [
            -16.143461227416992,
            0.43294551968574524,
            -5.965200901031494
        ],
        [
            -13.045055389404297,
            0.07003110647201538,
            -4.906438058230975
        ],
        [
            -5.595839977264404,
            0.07003110647201538,
            -3.1663198967981288
        ],
        [
            -5.521059989929199,
            0.07003110647201538,
            -4.858109661453369
        ],
        [
            -9.888230323791504,
            0.07003110647201538,
            -4.0777499629408
        ],
        [
            -11.579970359802246,
            0.07003110647201538,
            -1.5362998523533378
        ],
        [
            -6.246699810028076,
            0.07003110647201538,
            -3.915859704264406
        ],
        [
            -16.537410736083984,
            0.07003110647201538,
            -1.8805798363339932
        ]
    ],
    "mat.n.01": [
        [
            -12.062588691711426,
            0.07003110647201538,
            -3.6827197264003786
        ],
        [
            -12.110340118408203,
            0.07003110647201538,
            -2.695410090958461
        ]
    ],
    "swivel_chair.n.01": [
        [
            -5.35297155380249,
            0.4995588958263397,
            -2.040961742401123
        ]
    ],
    "television_receiver.n.01": [
        [
            -4.734222412109375,
            0.0824115127325058,
            -2.3912839889526367
        ]
    ],
    "towel_rack.n.01,towel.n.01": [
        [
            -13.114676475524902,
            0.07003110647201538,
            -3.803175926208496
        ]
    ],
    "fireplace.n.01": [
        [
            -4.772355079650879,
            0.12358282506465912,
            -4.033957004547119
        ]
    ],
    "washbasin.n.02": [
        [
            -13.429815292358398,
            0.07003110647201538,
            -2.539348602294922
        ]
    ],
    "table_lamp.n.01": [
        [
            -17.770557403564453,
            0.07003110647201538,
            -4.486790657043457
        ],
        [
            -15.91441535949707,
            0.07003110647201538,
            -1.3035626411437988
        ],
        [
            -15.20836353302002,
            0.07003110647201538,
            -4.4972147941589355
        ]
    ],
    "kitchen_cabinet.n.02": [
        [
            -4.731371879577637,
            0.08259959518909454,
            -5.389789581298828
        ],
        [
            -4.738834381103516,
            0.09006209671497345,
            -5.4168806076049805
        ],
        [
            -4.723694324493408,
            0.07492203265428543,
            -2.7459287643432617
        ],
        [
            -4.748205184936523,
            0.07705184817314148,
            -2.366560459136963
        ]
    ],
    "towel.n.01": [
        [
            -12.682366371154785,
            0.07003110647201538,
            -2.7660582065582275
        ],
        [
            -12.46436882019043,
            0.07003110647201538,
            -3.50862717628479
        ]
    ],