{
    "bathtub.n.01": [
        [
            -11.163069725036621,
            0.17659297585487366,
            -7.064789827776536
        ],
        [
            0.8766400218009949,
            0.17659297585487366,
            -7.073839719662658
        ]
    ],
    "kitchen_island.n.01": [
        [
            -10.264059066772461,
            0.17659297585487366,
            -4.235820770263672
        ]
    ],
    "window_curtain.n.01": [
        [
            0.9525991082191467,
            0.17659297585487366,
            -12.154073715209961
        ],
        [
            -0.9584534168243408,
            0.17659297585487366,
            -12.273358345031738
        ],
        [
            1.206525206565857,
            0.8788821697235107,
            -4.950047016143799
        ],
        [
            1.329096794128418,
            0.9765929579734802,
            -3.3685779571533203
        ],
        [
            -8.658233642578125,
            0.45559126138687134,
            -11.625848770141602
        ],
        [
            -8.522294044494629,
            0.17659297585487366,
            -8.83040714263916
        ],
        [
            -11.159184455871582,
            0.17659297585487366,
            -12.191246032714844
        ],
        [
            -9.548452377319336,
            0.17659297585487366,
            -12.093582153320312
        ]
    ],
    "coffee_table.n.01": [
        [
            -0.6627050638198853,
            0.6626920700073242,
            -3.993350028991699
        ]
    ],
    "double_bed.n.01": [
        [
            0.5175980925559998,
            0.8893582224845886,
            -10.996591567993164
        ],
        [
            -10.776636123657227,
            0.7765929698944092,
            -10.438934326171875
        ]
    ],
    "rug.n.01": [
        [
            -5.439981460571289,
            0.17659297585487366,
            -5.143509387969971
        ],
        [
            -0.6661514639854431,
            0.17659297585487366,
            -10.419008255004883
        ],
        [
            -9.801019668579102,
            0.6550319194793701,
            -10.599929809570312
        ],
        [
            -0.9122304320335388,
            0.4825516939163208,
            -4.229823112487793
        ]
    ],
    "wall_lamp.n.01": [
        [
            -9.813214302062988,
            0.17659297585487366,
            -0.5089706182479858
        ],
        [
            -10.340001106262207,
            0.17659297585487366,
            -1.796517252922058
        ],
        [
            -8.263853073120117,
            0.17659297585487366,
            -7.805400848388672
        ],
        [
            -8.510126113891602,
            0.17659297585487366,
            -0.9262131452560425
        ],
        [
            -11.635955810546875,
            0.35974252223968506,
            -0.6563692092895508
        ],
        [
            -1.758428692817688,
            0.17659297585487366,
            -7.767662048339844
        ],
        [
            -0.3026856780052185,
            0.17659297585487366,
            -6.175987243652344
        ],
        [
            -9.917933464050293,
            0.17659297585487366,
            -6.2483625411987305
        ],
        [
            0.10927148908376694,
            0.17659297585487366,
            -2.5746302604675293
        ],
        [
            -1.9048855304718018,
            0.17659297585487366,
            -2.2443840503692627
        ]
    ],
    "armchair.n.01": [
        [
            -0.880541980266571,
            0.30049681663513184,
            -5.167514324188232
        ],
        [
            0.16233202815055847,
            0.5821271538734436,
            -5.496115207672119
        ],
        [
            -4.002903461456299,
            0.17659297585487366,
            -4.129972457885742
        ],
        [
            -7.006218910217285,
            0.17659297585487366,
            -4.268056869506836
        ]
    ],
    "throw_pillow.n.01": [
        [
            -11.108506202697754,
            0.7765929698944092,
            -10.974943161010742
        ],
        [
            -11.07533073425293,
            0.7765929698944092,
            -11.032318115234375
        ],
        [
            0.7407070994377136,
            0.9992568492889404,
            -10.891378402709961
        ],
        [
            0.6643651127815247,
            0.9330077767372131,
            -10.113571166992188
        ],
        [
            -1.7875584363937378,
            0.5075998902320862,
            -4.320680618286133
        ],
        [
            0.7599965333938599,
            0.7520589828491211,
            -4.37823486328125
        ],
        [
            -11.065255165100098,
            0.7765929698944092,
            -10.572900772094727
        ],
        [
            0.7793923020362854,
            0.8804024457931519,
            -11.118138313293457
        ]
    ],
    "toilet.n.02": [
        [
            -10.030314445495605,
            0.26580530405044556,
            -7.138331413269043
        ],
        [
            -11.64855670928955,
            0.22266584634780884,
            -0.6231094598770142
        ],
        [
            -0.28155064582824707,
            0.32015445828437805,
            -7.099091053009033
        ]
    ],
    "kitchen_cabinet.n.02": [
        [
            -11.113314628601074,
            0.17659297585487366,
            -4.124960422515869
        ]
    ],
    "chest_of_drawers.n.01": [
        [
            -1.2754533290863037,
            0.17659297585487366,
            -10.728621482849121
        ],
        [
            -8.794092178344727,
            0.28405362367630005,
            -10.710763931274414
        ]
    ],
    "nightstand.n.01": [
        [
            1.0313576459884644,
            0.17659297585487366,
            -9.2981595993042
        ],
        [
            1.0159668922424316,
            0.17659297585487366,
            -11.985102653503418
        ],
        [
            -11.299317359924316,
            0.17659297585487366,
            -11.861369132995605
        ],
        [
            -11.308976173400879,
            0.17659297585487366,
            -9.51109504699707
        ]
    ],
    "basket.n.01": [
        [
            0.18776831030845642,
            0.17659297585487366,
            -2.7991771697998047
        ]
    ],
    "wall_art.n.01": [
        [
            -1.7320462465286255,
            0.17659297585487366,
            -9.577728271484375
        ],
        [
            -0.19910575449466705,
            0.17659297585487366,
            -12.33757495880127
        ],
        [
            -10.088861465454102,
            0.17659297585487366,
            -8.886603355407715
        ],
        [
            0.335187166929245,
            0.17659297585487366,
            -8.822572708129883
        ],
        [
            -8.814521789550781,
            0.17659297585487366,
            -2.246441125869751
        ],
        [
            -1.300957202911377,
            0.17659297585487366,
            -11.619338035583496
        ],
        [
            -11.293118476867676,
            0.17659297585487366,
            -8.838571548461914
        ],
        [
            1.4059269428253174,
            0.9765929579734802,
            -4.190122604370117
        ],
        [
            -5.407616138458252,
            0.17659297585487366,
            -2.800596237182617
        ]
    ],