{
    "wall_art.n.01": [
        [
            -23.407163619995117,
            3.384200096130371,
            -23.006683349609375
        ],
        [
            -22.344335556030273,
            3.384200096130371,
            -5.178557872772217
        ],
        [
            -16.82539939880371,
            3.384200096130371,
            -9.455022811889648
        ]
    ],
    "footstool.n.01": [
        [
            -16.826807022094727,
            3.384200096130371,
            -10.340147972106934
        ]
    ],
    "sofa.n.01": [
        [
            -16.780452728271484,
            3.384200096130371,
            -11.029040336608887
        ],
        [
            -16.841251373291016,
            3.384200096130371,
            -8.978401184082031
        ],
        [
            -15.425500869750977,
            3.384200096130371,
            -16.016469000788334
        ]
    ],
    "nightstand.n.01": [
        [
            -24.428321838378906,
            3.384200096130371,
            -22.00688362121582
        ],
        [
            -24.39676284790039,
            3.384200096130371,
            -18.83948516845703
        ]
    ],
    "hedge.n.01": [
        [
            -14.149195671081543,
            3.384200096130371,
            -17.523825554619634
        ],
        [
            -13.544304847717285,
            3.384200096130371,
            -16.98876470394339
        ]
    ],
    "railing.n.01": [
        [
            -24.368419647216797,
            3.384200096130371,
            -23.187439490113206
        ],
        [
            -22.32761001586914,
            3.384200096130371,
            -23.949589255476553
        ],
        [
            -23.36127281188965,
            3.384200096130371,
            -23.949589255476553
        ],
        [
            -14.720410346984863,
            3.384200096130371,
            -17.741078272993605
        ],
        [
            -16.24618911743164,
            3.384200096130371,
            -17.741078272993605
        ],
        [
            -18.345809936523438,
            3.384200096130371,
            -23.949589255476553
        ],
        [
            -13.583520889282227,
            3.384200096130371,
            -17.50655832847599
        ],
        [
            -13.583539962768555,
            3.384200096130371,
            -13.609648847004792
        ],
        [
            -17.129369735717773,
            3.384200096130371,
            -17.969979168773875
        ],
        [
            -24.133920669555664,
            3.384200096130371,
            -23.707937734845927
        ],
        [
            -17.598390579223633,
            3.384200096130371,
            -23.722778813673244
        ],
        [
            -15.336758613586426,
            3.384200096130371,
            -13.375148929646627
        ],
        [
            -13.349020004272461,
            3.384200096130371,
            -15.551268604322104
        ],
        [
            -20.32093048095703,
            3.384200096130371,
            -23.949589255476553
        ],
        [
            -17.36387062072754,
            3.384200096130371,
            -19.735468641789566
        ],
        [
            -17.36387062072754,
            3.384200096130371,
            -22.345018962322456
        ],
        [
            -23.134624481201172,
            3.384200096130371,
            -5.176304817199707
        ],
        [
            -26.009571075439453,
            3.384200096130371,
            -7.879456520080566
        ]
    ],
    "firepit.n.01": [
        [
            -15.91156005859375,
            3.384200096130371,
            -15.525638608596353
        ]
    ],
    "potted_plant.n.01": [
        [
            -26.03744125366211,
            3.384200096130371,
            -8.375627517700195
        ],
        [
            -22.764509201049805,
            3.384200096130371,
            -5.18385648727417
        ],
        [
            -13.511130332946777,
            3.384200096130371,
            -15.718688981611137
        ],
        [
            -13.629289627075195,
            3.384200096130371,
            -15.282374424792806
        ],
        [
            -24.411197662353516,
            3.384200096130371,
            -12.602923393249512
        ],
        [
            -16.597780227661133,
            3.384200096130371,
            -13.601289892119723
        ]
    ],
    "air_hockey_table.n.01": [
        [
            -20.820560455322266,
            3.1842000484466553,
            -17.639312744140625
        ]
    ],
    "armoire.n.01": [
        [
            -20.355833053588867,
            3.384200096130371,
            -17.898253327712155
        ],
        [
            -24.391883850097656,
            3.384200096130371,
            -15.488900184631348
        ]
    ],