{
    "flower.n.01": [
        [
            -2.231386661529541,
            0.17996978759765625,
            -9.950121879577637
        ],
        [
            -0.7881072163581848,
            0.17996978759765625,
            -9.814135551452637
        ],
        [
            2.272324562072754,
            0.17996978759765625,
            -9.307193756103516
        ],
        [
            4.291482448577881,
            0.17996978759765625,
            -10.074054718017578
        ]
    ],
    "cabin.n.02": [
        [
            -1.8270000219345093,
            0.17996978759765625,
            11.725999133229266
        ],
        [
            7.692221641540527,
            1.0771520137786865,
            6.218188762664795
        ]
    ],
    "armoire.n.01": [
        [
            0.41027310490608215,
            0.17996978759765625,
            -2.228381872177124
        ]
    ],
    "wall_lamp.n.01": [
        [
            1.6768594980239868,
            0.25774136185646057,
            -7.28715181350708
        ],
        [
            -2.788107395172119,
            0.17996978759765625,
            4.283445358276367
        ],
        [
            4.47580623626709,
            0.17996978759765625,
            4.285319805145264
        ],
        [
            0.9122565984725952,
            0.17996978759765625,
            4.255990028381348
        ]
    ],
    "wall_art.n.01": [
        [
            0.9346168041229248,
            0.17996978759765625,
            -5.050149440765381
        ],
        [
            -0.5577640533447266,
            0.17996978759765625,
            2.3206262588500977
        ],
        [
            -1.9064499139785767,
            0.17996978759765625,
            0.28598523139953613
        ],
        [
            0.7840884923934937,
            0.17996978759765625,
            1.0673980712890625
        ],
        [
            5.387475967407227,
            0.17996978759765625,
            -5.896348476409912
        ],
        [
            5.349301338195801,
            0.17996978759765625,
            -3.302314519882202
        ],
        [
            -0.3683178424835205,
            0.17996978759765625,
            -7.2850213050842285
        ],
        [
            3.87290358543396,
            0.17996978759765625,
            -6.434924125671387
        ],
        [
            3.7960479259490967,
            0.17996978759765625,
            -2.2870419025421143
        ]
    ],
    "gate.n.01": [
        [
            -5.165268898010254,
            0.17996978759765625,
            -3.019646406173706
        ],
        [
            4.6088643074035645,
            0.17996978759765625,
            -7.834194660186768
        ],
        [
            0.6214825510978699,
            0.17996978759765625,
            -14.861194610595703
        ]
    ],
    "stairway.n.01,stairs.n.01": [
        [
            -1.9064621925354004,
            0.17996978759765625,
            0.8085009455680847
        ],
        [
            -2.0332047939300537,
            0.26121821999549866,
            -4.627135753631592
        ],
        [
            -4.0970001220703125,
            0.17996978759765625,
            -0.46400004541873763
        ],
        [
            5.297999858856201,
            0.17996978759765625,
            5.902898913449093
        ]
    ],
    "hedge.n.01": [
        [
            8.742939949035645,
            0.17996978759765625,
            -4.942829132080078
        ]
    ],
    "fence.n.01": [
        [
            4.956766605377197,
            0.17996978759765625,
            -9.595044136047363
        ],
        [
            -5.455137252807617,
            0.17996978759765625,
            -3.013005018234253
        ],
        [
            -5.479672908782959,
            0.17996978759765625,
            -15.42468547821045
        ],
        [
            -5.4574737548828125,
            0.17996978759765625,
            -15.435012817382812
        ],
        [
            4.380432605743408,
            0.17996978759765625,
            -11.05522346496582
        ],
        [
            -3.933668375015259,
            0.17996978759765625,
            -15.643960952758789
        ],
        [
            -4.177359104156494,
            0.17996978759765625,
            -3.1027302742004395
        ],
        [
            9.283580780029297,
            0.17996978759765625,
            8.157258033752441
        ],
        [
            -5.478984832763672,
            0.17996978759765625,
            0.602776288986206
        ],
        [
            -5.4922356605529785,
            0.17996978759765625,
            8.714771270751953
        ],
        [
            4.55021858215332,
            0.17996978759765625,
            11.800542831420898
        ],
        [
            -4.553580284118652,
            0.17996978759765625,
            13.75765609741211
        ],
        [
            -5.456043243408203,
            0.17996978759765625,
            -10.532163619995117
        ],
        [
            -5.402034282684326,
            0.17996978759765625,
            -7.571492671966553
        ],
        [
            -5.453229904174805,
            0.17996978759765625,
            -4.571384906768799
        ],
        [
            4.382929801940918,
            0.17996978759765625,
            -13.722579002380371
        ],
        [
            -1.491652011871338,
            0.17996978759765625,
            -14.751656532287598
        ],
        [
            -5.597067832946777,
            0.17996978759765625,
            -15.416805267333984
        ],
        [
            2.8754143714904785,
            0.17996978759765625,
            -14.771303176879883
        ]
    ],
    "sofa.n.01": [
        [
            3.97225284576416,
            0.6901242733001709,
            -4.968863487243652
        ]
    ],
    "potted_plant.n.01": [
        [
            -1.3842321634292603,
            0.208145871758461,
            -6.048244953155518
        ],
        [
            -2.272320508956909,
            0.3976386785507202,
            -6.083054065704346
        ],
        [
            -1.4545934200286865,
            0.17996978759765625,
            1.1755720376968384
        ],
        [
            0.6457967758178711,
            0.17996978759765625,
            1.119715929031372
        ]
    ],
    "refrigerator.n.01": [
        [
            2.111687660217285,
            0.17996978759765625,
            1.5657272338867188
        ]
    ],
    "rug.n.01": [
        [
            3.0064802169799805,
            0.17996978759765625,
            -4.46312973123014
        ],
        [
            0.5830000042915344,
            0.17996978759765625,
            -6.403999900579436
        ],
        [
            0.7990000247955322,
            0.17996978759765625,
            -7.238999888956528
        ]
    ],
    "towel_ring.n.01,towel.n.01": [
        [
            -2.002610921859741,
            0.17996978759765625,
            -3.2474143505096436
        ]
    ],
    "soap_dispenser.n.01": [
        [
            -1.9671754837036133,
            0.17996978759765625,
            -3.314704179763794
        ]
    ],
    "plant.n.02": [
        [
            1.7517833709716797,
            0.17996978759765625,
            -11.741765975952148
        ],
        [
            -3.5563931465148926,
            0.17996978759765625,
            -12.620750427246094
        ]
    ],