{
    "armoire.n.01": [
        [
            -1.2823646068572998,
            0.07347583770751953,
            -4.595377445220947
        ]
    ],
    "stairway.n.01,stairs.n.01": [
        [
            -7.160426139831543,
            0.07347583770751953,
            -8.435083389282227
        ]
    ],
    "television_receiver.n.01": [
        [
            -5.058629035949707,
            0.07347583770751953,
            -8.241443634033203
        ],
        [
            -4.418818950653076,
            0.07347583770751953,
            -8.18893051147461
        ],
        [
            -2.295778512954712,
            0.07347583770751953,
            -3.7806320190429688
        ]
    ],
    "dining_area.n.01": [
        [
            1.075574517250061,
            0.07347583770751953,
            -4.494758129119873
        ],
        [
            0.933515727519989,
            0.07347583770751953,
            -4.746827125549316
        ],
        [
            0.8014809489250183,
            0.07347583770751953,
            -3.490008592605591
        ]
    ],
    "desk.n.01": [
        [
            -7.465127468109131,
            0.07347583770751953,
            -3.5784952640533447
        ],
        [
            -5.463809967041016,
            0.07347583770751953,
            -9.887105941772461
        ],
        [
            -3.2284786701202393,
            0.07347583770751953,
            -8.369698524475098
        ]
    ],
    "chaise_longue.n.01": [
        [
            0.8354676961898804,
            0.07347583770751953,
            -1.9740962997617473
        ],
        [
            0.8254677057266235,
            0.07347583770751953,
            -0.934096340292907
        ]
    ],
    "bookcase.n.01": [
        [
            -5.31550407409668,
            0.07347583770751953,
            -8.23496150970459
        ],
        [
            -4.803272724151611,
            0.07347583770751953,
            -8.243974685668945
        ],
        [
            -4.524415969848633,
            0.07347583770751953,
            -8.231565475463867
        ],
        [
            -4.52828311920166,
            0.07347583770751953,
            -8.213834762573242
        ],
        [
            -5.986569881439209,
            0.07347583770751953,
            -8.604434967041016
        ],
        [
            -6.031434059143066,
            0.07347583770751953,
            -8.664785385131836
        ],
        [
            -5.519200325012207,
            0.07347583770751953,
            -8.220856666564941
        ],
        [
            -5.3332414627075195,
            0.07347583770751953,
            -8.223835945129395
        ],
        [
            -5.258763313293457,
            0.07347583770751953,
            -8.249019622802734
        ],
        [
            -5.391843318939209,
            0.07347583770751953,
            -8.229650497436523
        ],
        [
            -5.23819637298584,
            0.07347583770751953,
            -8.226941108703613
        ],
        [
            -5.233755588531494,
            0.07347583770751953,
            -8.220781326293945
        ],
        [
            -4.978267669677734,
            0.07347583770751953,
            -8.220030784606934
        ],
        [
            -5.196652889251709,
            0.07347583770751953,
            -8.229870796203613
        ],
        [
            -5.076501369476318,
            0.07347583770751953,
            -8.232542037963867
        ],
        [
            -5.973691463470459,
            0.07347583770751953,
            -8.636035919189453
        ],
        [
            -5.911280155181885,
            0.07347583770751953,
            -8.38766098022461
        ],
        [
            -5.454770088195801,
            0.07347583770751953,
            -8.232406616210938
        ],
        [
            -5.283693313598633,
            0.07347583770751953,
            -8.240605354309082
        ],
        [
            -5.486452579498291,
            0.07347583770751953,
            -8.24134349822998
        ],
        [
            -5.28843879699707,
            0.07347583770751953,
            -8.226825714111328
        ],
        [
            -5.166658878326416,
            0.07347583770751953,
            -8.216526985168457
        ],
        [
            -5.255369186401367,
            0.07347583770751953,
            -8.246551513671875
        ],
        [
            -5.132750034332275,
            0.07347583770751953,
            -8.241006851196289
        ],
        [
            -5.113516807556152,
            0.07347583770751953,
            -8.211597442626953
        ],
        [
            -4.895685195922852,
            0.07347583770751953,
            -8.242310523986816
        ],
        [
            -4.924837112426758,
            0.07347583770751953,
            -8.228435516357422
        ],
        [
            -4.925795555114746,
            0.07347583770751953,
            -8.206008911132812
        ],
        [
            -5.097161293029785,
            0.07347583770751953,
            -8.205451965332031
        ],
        [
            -5.270196914672852,
            0.07347583770751953,
            -8.22442626953125
        ],
        [
            -4.887077331542969,
            0.07347583770751953,
            -8.186063766479492
        ],
        [
            -4.8373284339904785,
            0.07347583770751953,
            -8.241658210754395
        ],
        [
            -4.76134729385376,
            0.07347583770751953,
            -8.210870742797852
        ],
        [
            -4.5410051345825195,
            0.07347583770751953,
            -8.235773086547852
        ],
        [
            -4.869840145111084,
            0.07347583770751953,
            -8.231454849243164
        ],
        [
            -4.493758201599121,
            0.07347583770751953,
            -8.218558311462402
        ],
        [
            -4.602398872375488,
            0.07347583770751953,
            -8.244407653808594
        ],
        [
            -4.547108173370361,
            0.07347583770751953,
            -8.24711799621582
        ],
        [
            -4.499910354614258,
            0.07347583770751953,
            -8.23826789855957
        ],
        [
            -4.440371036529541,
            0.07347583770751953,
            -8.213447570800781
        ],
        [
            -4.44125509262085,
            0.07347583770751953,
            -8.227710723876953
        ],
        [
            -4.484710216522217,
            0.07347583770751953,
            -8.230796813964844
        ],
        [
            -5.41589879989624,
            0.07347583770751953,
            -8.211273193359375
        ],
        [
            -4.749383449554443,
            0.07347583770751953,
            -8.241267204284668
        ],
        [
            -4.842860698699951,
            0.07347583770751953,
            -8.247871398925781
        ],
        [
            -5.170525074005127,
            0.07347583770751953,
            -8.211471557617188
        ]
    ],
    "heating_system.n.01": [
        [
            -3.6529994010925293,
            0.07347583770751953,
            -6.140566349029541
        ]
    ],
    "wall_clock.n.01": [
        [
            -8.147735595703125,
            0.07347583770751953,
            -6.1468305587768555
        ]
    ],
    "railing.n.01": [
        [
            -7.868314743041992,
            -0.5826133489608765,
            -7.868313312530518
        ]
    ],
    "bed.n.01": [
        [
            -5.788220405578613,
            0.8049930930137634,
            -11.92367172241211
        ],
        [
            -1.5463968515396118,
            0.7563678622245789,
            -8.108499526977539
        ],
        [
            -2.097045660018921,
            0.8487187623977661,
            -1.612696886062622
        ]
    ],