{
    "toilet_tissue.n.01,toilet_paper_holder.n.01": [
        [
            -2.359363079071045,
            0.3361849784851074,
            -7.217245578765869
        ],
        [
            -6.5517120361328125,
            0.17390823364257812,
            -8.245094299316406
        ]
    ],
    "flower_in_vase.n.01": [
        [
            -10.24178409576416,
            0.23804113268852234,
            -3.508615493774414
        ],
        [
            -7.926590442657471,
            0.17390823364257812,
            -2.821662425994873
        ]
    ],
    "toilet.n.02": [
        [
            -2.2891972064971924,
            0.17390823364257812,
            -7.023212491082376
        ],
        [
            -6.19371223449707,
            0.17390823364257812,
            -8.246193394291765
        ]
    ],
    "sink_cabinet.n.01": [
        [
            -6.1866607666015625,
            0.17390823364257812,
            -3.931574821472168
        ],
        [
            -5.812570095062256,
            0.17390823364257812,
            -1.5234596729278564
        ]
    ],
    "showerhead.n.01": [
        [
            -4.960455417633057,
            0.17390823364257812,
            -8.377817153930664
        ]
    ],
    "sink.n.01": [
        [
            -3.649271249771118,
            0.17390823364257812,
            -7.8047637939453125
        ],
        [
            -7.370106220245361,
            0.17390823364257812,
            -7.769626617431641
        ]
    ],
    "picture_frame.n.01": [
        [
            -2.0615439414978027,
            0.17390823364257812,
            -1.9894013404846191
        ]
    ],
    "wall_art.n.01": [
        [
            -12.069687843322754,
            0.7494761347770691,
            -3.764770030975342
        ],
        [
            -3.165367603302002,
            0.17390823364257812,
            -7.787111759185791
        ],
        [
            -3.874361038208008,
            0.9811713099479675,
            -4.0261335372924805
        ],
        [
            -6.5434794425964355,
            0.17390823364257812,
            -8.260106086730957
        ]
    ],
    "coffee_table.n.01": [
        [
            -10.263411521911621,
            0.25543034076690674,
            -3.5196969509124756
        ]
    ],
    "potted_plant.n.01": [
        [
            -11.64644718170166,
            0.17390823364257812,
            -1.4835020303726196
        ],
        [
            -1.3486443758010864,
            0.17390823364257812,
            -5.735354423522949
        ],
        [
            -6.953068256378174,
            0.17390823364257812,
            1.189286708831787
        ],
        [
            -4.148665428161621,
            0.17390823364257812,
            -0.703961968421936
        ]
    ],
    "end_table.n.01": [
        [
            -2.062422275543213,
            0.17390823364257812,
            -2.272355794906616
        ]
    ],
    "book.n.02": [
        [
            -9.569241523742676,
            0.24082587659358978,
            -4.226789951324463
        ]
    ],
    "refrigerator.n.01": [
        [
            -5.254483222961426,
            0.17390823364257812,
            -2.8130390644073486
        ]
    ],
    "microwave.n.02": [
        [
            -5.242306709289551,
            0.17390823364257812,
            -3.4562811851501465
        ]
    ],
    "china_cabinet.n.01": [
        [
            -6.340793609619141,
            0.17390823364257812,
            -6.312498569488525
        ],
        [
            -8.710972785949707,
            0.17390823364257812,
            -4.030625820159912
        ]
    ],
    "wall_lamp.n.01": [
        [
            -8.150683403015137,
            0.17390823364257812,
            -6.908405780792236
        ],
        [
            -12.347650527954102,
            0.17390823364257812,
            -6.964500427246094
        ],
        [
            -4.130496978759766,
            0.17390823364257812,
            -0.8992183804512024
        ],
        [
            -2.0061750411987305,
            0.17390823364257812,
            -0.906853437423706
        ],
        [
            -3.197079658508301,
            0.17390823364257812,
            -7.825068950653076
        ],
        [
            -4.430029392242432,
            0.17390823364257812,
            -8.249573707580566
        ],
        [
            -6.555371284484863,
            0.17390823364257812,
            -8.277864456176758
        ],
        [
            -8.110163688659668,
            0.17390823364257812,
            -8.213822364807129
        ]
    ],
    "kitchen_island.n.01": [
        [
            -3.3530588150024414,
            0.17390823364257812,
            -7.787408828735352
        ],
        [
            -7.032257556915283,
            0.17390823364257812,
            -7.765110969543457
        ]
    ],
    "club_chair.n.01": [
        [
            -1.0119062662124634,
            0.5739082098007202,
            -2.7812888622283936
        ]
    ],
    "sofa.n.01": [
        [
            -10.029117584228516,
            0.6319183707237244,
            -3.0070979595184326
        ],
        [
            -10.39559268951416,
            0.7000864744186401,
            -5.032288074493408
        ]
    ],
    "washer.n.03": [
        [
            -6.811341762542725,
            0.17390823364257812,
            -1.2975142002105713
        ],
        [
            -6.7693634033203125,
            0.17390823364257812,
            -1.299444556236267
        ]
    ],
    "blanket.n.01": [
        [
            -2.7701468467712402,
            0.17390823364257812,
            -3.4773662401815386
        ]
    ],
    "kitchen_cabinet.n.02": [
        [
            -4.829903602600098,
            0.17390823364257812,
            -1.6105214357376099
        ],
        [
            -6.201035499572754,
            0.17390823364257812,
            -3.1168465614318848
        ],
        [
            -6.204084396362305,
            0.17390823364257812,
            -4.568954944610596
        ],
        [
            -7.108782768249512,
            0.9739081859588623,
            -3.8826003074645996
        ],
        [
            -4.649334907531738,
            0.17390823364257812,
            -5.681892395019531
        ],
        [
            -5.24461555480957,
            0.17390823364257812,
            -3.8749704360961914
        ]
    ],
    "bathtub.n.01": [
        [
            -3.07085919380188,
            0.18308480083942413,
            -7.728091239929199
        ],
        [
            -2.956134080886841,
            1.0236937999725342,
            0.8317934274673462
        ]
    ],
    "vase.n.01": [
        [
            -10.921271324157715,
            0.4012613296508789,
            -4.191275119781494
        ]
    ],
    "shelving.n.01": [
        [
            -5.181970596313477,
            0.17390823364257812,
            -6.741091728210449
        ]
    ],
    "wall_clock.n.01": [
        [
            -0.8700538873672485,
            0.17390823364257812,
            -4.076166152954102
        ]
    ],
    "bar.n.02": [
        [
            -5.490570545196533,
            0.17390823364257812,
            0.7899947166442871
        ]
    ],
    "rug.n.01": [
        [
            -2.2202484607696533,
            0.17390823364257812,
            -4.012778519822433
        ],
        [
            -3.5980587005615234,
            0.17390823364257812,
            -7.764144434681839
        ],
        [
            -8.990528106689453,
            0.17390823364257812,
            -7.051673945684769
        ],
        [
            -10.26992130279541,
            0.26497000455856323,
            -3.536242723464966
        ]
    ],
    "dishwasher.n.01": [
        [
            -4.897793769836426,
            0.17390823364257812,
            -1.5800191164016724
        ]
    ],