{
    "table_lamp.n.01": [
        [
            -1.972217082977295,
            0.15865612030029297,
            -2.1502020359039307
        ]
    ],
    "toilet.n.02": [
        [
            -4.935547828674316,
            0.7235366702079773,
            -0.33782586455345154
        ]
    ],
    "place_mat.n.01": [
        [
            -4.83798885345459,
            0.15865612030029297,
            -2.394646644592285
        ]
    ],
    "book.n.02": [
        [
            -3.221184492111206,
            0.15865612030029297,
            -6.839171886444092
        ],
        [
            -2.443833589553833,
            0.15865612030029297,
            -2.5859830379486084
        ],
        [
            -3.248727798461914,
            0.331407368183136,
            -4.553252696990967
        ]
    ],
    "storage_bench.n.01": [
        [
            -2.303459882736206,
            0.8699566125869751,
            -5.170489003033083
        ]
    ],
    "kitchen_cabinet.n.02": [
        [
            -6.178155899047852,
            0.15865612030029297,
            -2.3618297576904297
        ],
        [
            -5.050803184509277,
            0.15865612030029297,
            -2.3895623683929443
        ]
    ],
    "chair.n.01": [
        [
            -5.6469597816467285,
            0.8699566125869751,
            -4.552229609952576
        ]
    ],
    "potted_plant.n.01": [
        [
            -3.436384916305542,
            0.15865612030029297,
            -4.445929050445557
        ],
        [
            -3.16532039642334,
            0.29703235626220703,
            -5.057523250579834
        ],
        [
            -2.810056209564209,
            0.6296790838241577,
            -6.667646884918213
        ],
        [
            -6.239837646484375,
            0.7825430035591125,
            -5.247200965881348
        ],
        [
            -4.105057239532471,
            0.15865612030029297,
            -0.810816764831543
        ],
        [
            -1.9559996128082275,
            0.15865612030029297,
            -1.5469117164611816
        ],
        [
            -1.8895618915557861,
            0.1742769330739975,
            -4.118710994720459
        ],
        [
            -4.173604965209961,
            0.15865612030029297,
            -0.8514164090156555
        ]
    ],
    "swivel_chair.n.01": [
        [
            -2.4422707557678223,
            0.15865612030029297,
            -3.66195011138916
        ]
    ],
    "basket.n.01": [
        [
            -5.180669784545898,
            0.4889720380306244,
            -3.7752108573913574
        ],
        [
            -5.259101390838623,
            0.5381948947906494,
            -0.06546270847320557
        ]
    ],
    "rug.n.01": [
        [
            -4.840839862823486,
            0.8699566125869751,
            -5.858519681780336
        ],
        [
            -5.021864891052246,
            0.5635979175567627,
            -0.446358859539032
        ]
    ],
    "bed.n.01": [
        [
            -2.2995946407318115,
            0.8699566125869751,
            -6.249229535506373
        ]
    ],
    "television_receiver.n.01": [
        [
            -2.925309658050537,
            0.5606572031974792,
            -6.0209784507751465
        ]
    ],
    "wall_art.n.01": [
        [
            -2.945974349975586,
            0.5331236124038696,
            -6.339756965637207
        ],
        [
            -1.8373826742172241,
            0.7573694586753845,
            -5.527995586395264
        ],
        [
            -3.6240673065185547,
            0.15865612030029297,
            -1.0958857536315918
        ],
        [
            -6.129264831542969,
            0.9515211582183838,
            -6.128037452697754
        ],
        [
            -2.9713268280029297,
            0.4655170440673828,
            -6.154241561889648
        ]
    ],
    "stool.n.01": [
        [
            -5.179460048675537,
            0.8699566125869751,
            -4.444479677410129
        ],
        [
            -5.18652868270874,
            0.5565884113311768,
            -3.7583067417144775
        ],
        [
            -5.196619033813477,
            0.4262576103210449,
            -3.7908895015716553
        ],
        [
            -5.1946282386779785,
            0.4785674810409546,
            -3.7778120040893555
        ]
    ],
    "refrigerator.n.01": [
        [
            -2.7201120853424072,
            0.15865612030029297,
            -1.8973352909088135
        ]
    ],
    "sofa.n.01": [
        [
            -5.767240047454834,
            0.8699566125869751,
            -6.055519696741101
        ]
    ],
    "tv_stand.n.01": [
        [
            -2.915233612060547,
            0.5624754428863525,
            -6.079346179962158
        ]
    ],
    "cabinet.n.01": [
        [
            -4.176894664764404,
            0.15865612030029297,
            -0.7944352626800537
        ],
        [
            -5.261435508728027,
            0.17557165026664734,
            -0.7011091113090515
        ]
    ],
    "shower_stall.n.01": [
        [
            -5.325341701507568,
            0.33496326208114624,
            -0.4661559462547302
        ]
    ],
    "desk.n.01": [
        [
            -2.4424142837524414,
            0.15865612030029297,
            -3.5136189460754395
        ]
    ],
    "kitchen_island.n.01": [
        [
            -5.185880661010742,
            0.5559532642364502,
            -3.758465528488159
        ]
    ],
    "window.n.01": [
        [
            -5.191095352172852,
            0.5482451915740967,
            -0.06169384717941284
        ],
        [
            -6.240438938140869,
            0.15865612030029297,
            -3.0436644554138184
        ],
        [
            -2.0175139904022217,
            0.15865612030029297,
            -2.144665241241455
        ],
        [
            -5.2676591873168945,
            0.5220131874084473,
            -6.998888969421387
        ],
        [
            -2.608976364135742,
            0.7586562633514404,
            -7.0065789222717285
        ]
    ],
    "door.n.01": [
        [
            -1.8164780139923096,
            0.15865612030029297,
            -1.2756729125976562
        ]
    ]
}