{
    "crate.n.01": [
        [
            -4.32489013671875,
            0.1593484729528427,
            -4.579679693002703
        ],
        [
            -4.743499755859375,
            0.30732908844947815,
            -4.283022880554199
        ]
    ],
    "kitchen_cabinet.n.02": [
        [
            3.2960686683654785,
            0.1593484729528427,
            -4.242027282714844
        ],
        [
            1.3338961601257324,
            0.1593484729528427,
            -6.045452117919922
        ],
        [
            -1.3993202447891235,
            0.1593484729528427,
            -13.240035057067871
        ]
    ],
    "wall_sign.n.01": [
        [
            -1.943260908126831,
            0.1593484729528427,
            -11.780343055725098
        ]
    ],
    "throw_pillow.n.01": [
        [
            -1.9763755798339844,
            0.5220060348510742,
            0.5764356851577759
        ],
        [
            -0.7887744903564453,
            0.9051907658576965,
            1.1519144773483276
        ],
        [
            -3.2283120155334473,
            0.9319908022880554,
            0.9793341159820557
        ],
        [
            -0.6091856956481934,
            0.6474353075027466,
            0.5292942523956299
        ],
        [
            -3.1728172302246094,
            0.49357110261917114,
            0.3507520854473114
        ],
        [
            -1.0251970291137695,
            0.8190139532089233,
            1.2399675846099854
        ],
        [
            -2.049362897872925,
            0.739088237285614,
            0.8971136808395386
        ],
        [
            -2.407478094100952,
            0.8873480558395386,
            1.0530282258987427
        ],
        [
            -0.48837828636169434,
            0.672492265701294,
            0.5602805018424988
        ],
        [
            -3.2820842266082764,
            0.7949509024620056,
            0.7705106735229492
        ],
        [
            -1.759043574333191,
            0.8129439949989319,
            0.917605459690094
        ],
        [
            -2.108337163925171,
            0.7119557857513428,
            0.8505197167396545
        ]
    ],
    "washer.n.03": [
        [
            -1.4108858108520508,
            0.1593484729528427,
            -14.845294952392578
        ],
        [
            -1.3990706205368042,
            0.1593484729528427,
            -14.472638130187988
        ]
    ],
    "towel_rack.n.01,towel.n.01": [
        [
            4.889338970184326,
            0.1593484729528427,
            -13.605658531188965
        ],
        [
            7.646061897277832,
            0.1593484729528427,
            -13.697150230407715
        ]
    ],
    "television_receiver.n.01": [
        [
            -6.696462631225586,
            0.1593484729528427,
            -4.2156500816345215
        ],
        [
            4.234671115875244,
            0.1593484729528427,
            -14.158016204833984
        ],
        [
            2.0514583587646484,
            0.1593484729528427,
            -10.734945297241211
        ]
    ],
    "car.n.01": [
        [
            -7.657688617706299,
            0.1593484729528427,
            -13.031615257263184
        ],
        [
            -7.390593528747559,
            0.1593484729528427,
            -13.59652042388916
        ]
    ],
    "ceiling_lamp.n.01": [
        [
            13.46812915802002,
            0.1593484729528427,
            -11.135169152309302
        ],
        [
            13.486449241638184,
            0.1593484729528427,
            -12.206459104629758
        ],
        [
            12.57073974609375,
            0.1593484729528427,
            -10.842089793557491
        ],
        [
            11.275125503540039,
            0.1593484729528427,
            -10.769742965698242
        ],
        [
            8.065839767456055,
            0.1593484729528427,
            -10.970419062947045
        ],
        [
            9.851320266723633,
            0.1593484729528427,
            -11.181018949686305
        ],
        [
            9.997819900512695,
            0.1593484729528427,
            -12.288789803457817
        ],
        [
            7.653590202331543,
            0.1593484729528427,
            -14.842869660683235
        ],
        [
            7.662670612335205,
            0.1593484729528427,
            -12.215068875845091
        ],
        [
            7.662810802459717,
            0.1593484729528427,
            -12.910948770585676
        ],
        [
            5.291220188140869,
            0.1593484729528427,
            -14.822869204111683
        ],
        [
            5.1264801025390625,
            0.1593484729528427,
            -13.193119049482348
        ],
        [
            -1.1773600578308105,
            0.1593484729528427,
            -13.208858489462173
        ],
        [
            -1.2323600053787231,
            0.1593484729528427,
            -14.32599919283389
        ],
        [
            -3.304072380065918,
            0.18907085061073303,
            -11.749053955078125
        ],
        [
            3.282089948654175,
            0.1593484729528427,
            -8.430929468218679
        ],
        [
            0.6631100177764893,
            0.1593484729528427,
            -8.37924890641871
        ],
        [
            -3.7841901779174805,
            0.1593484729528427,
            -13.021779070986511
        ],
        [
            -5.425159931182861,
            0.1593484729528427,
            -12.976268781645913
        ],
        [
            -7.199824810028076,
            0.1593484729528427,
            -13.076000213623047
        ],
        [
            -5.874719619750977,
            0.1593484729528427,
            -10.384539772001474
        ],
        [
            -7.678020000457764,
            0.1593484729528427,
            -10.401079344685073
        ],
        [
            -3.8298399448394775,
            0.1593484729528427,
            -14.953708544152406
        ]
    ],
    "sofa.n.01": [
        [
            -8.240477561950684,
            0.529440701007843,
            -2.6926913261413574
        ],
        [
            -6.624745845794678,
            0.7111954689025879,
            -1.4335635900497437
        ]
    ],
    "pendant_lamp.n.01": [
        [
            -1.462735891342163,
            0.2104009985923767,
            -1.8679964542388916
        ],
        [
            13.534666061401367,
            0.3910157084465027,
            -12.981155395507812
        ],
        [
            10.23404312133789,
            0.2965036928653717,
            -12.934036254882812
        ],
        [
            -0.22881044447422028,
            0.1593484729528427,
            0.24356427788734436
        ],
        [
            2.038170099258423,
            0.1593484729528427,
            -14.155738773599879
        ],
        [
            3.2439942359924316,
            0.1593484729528427,
            -3.999631404876709
        ],
        [
            2.7891297340393066,
            0.4416579008102417,
            -0.6165024042129517
        ],
        [
            13.518460273742676,
            0.1593484729528427,
            -14.52337924698709
        ],
        [
            10.622610092163086,
            0.1593484729528427,
            -14.534297863584825
        ],
        [
            12.071550369262695,
            0.1593484729528427,
            -14.544568935360317
        ],
        [
            -1.7952300310134888,
            0.1593484729528427,
            -7.170669438202978
        ],
        [
            -6.691349983215332,
            0.1593484729528427,
            -3.0781396700060384
        ]
    ],
    "basket.n.01": [
        [
            0.5296173095703125,
            0.1593484729528427,
            -7.940579891204834
        ]
    ],