{
    "microwave.n.02": [
        [
            -6.334444999694824,
            0.17293952405452728,
            1.4770358800888062
        ]
    ],
    "potted_plant.n.01": [
        [
            -6.193476676940918,
            0.17293952405452728,
            -2.5486974716186523
        ],
        [
            -7.509378910064697,
            0.17293952405452728,
            1.3961460590362549
        ],
        [
            -9.54635238647461,
            0.17293952405452728,
            -0.3620971441268921
        ],
        [
            -6.272199630737305,
            0.17293952405452728,
            -3.409524917602539
        ],
        [
            -6.286858558654785,
            0.3776167333126068,
            -4.378275394439697
        ],
        [
            -3.6881766319274902,
            0.17293952405452728,
            -4.666825294494629
        ],
        [
            -4.457990646362305,
            0.17293952405452728,
            -5.522476673126221
        ],
        [
            -7.794317722320557,
            0.17293952405452728,
            -4.7188544273376465
        ],
        [
            -7.318472385406494,
            0.17293952405452728,
            -3.17191481590271
        ],
        [
            -3.864173412322998,
            0.17293952405452728,
            1.6594218015670776
        ]
    ],
    "rug.n.01": [
        [
            -4.759809970855713,
            0.17293952405452728,
            -3.2567596878552507
        ],
        [
            -6.232934951782227,
            0.17293952405452728,
            1.179544855383341
        ]
    ],
    "throw_pillow.n.01": [
        [
            -11.553627014160156,
            1.0103602409362793,
            -3.3063395023345947
        ],
        [
            -10.723173141479492,
            1.008796215057373,
            -2.8026785850524902
        ],
        [
            -6.273350715637207,
            0.48410356044769287,
            -5.973811626434326
        ],
        [
            -11.349312782287598,
            1.022605299949646,
            -2.705390214920044
        ],
        [
            -11.578635215759277,
            0.9850354790687561,
            -3.463284730911255
        ],
        [
            -3.4814910888671875,
            0.4261552095413208,
            -5.915521621704102
        ],
        [
            -4.0795817375183105,
            0.35337546467781067,
            -3.655785322189331
        ],
        [
            -3.996371269226074,
            0.0,
            -2.0191192626953125
        ],
        [
            -3.9647586345672607,
            0.4858641028404236,
            -3.5997490882873535
        ],
        [
            -4.098227500915527,
            0.4515165388584137,
            -2.8384225368499756
        ]
    ],
    "bar_stool.n.01": [
        [
            -4.836426734924316,
            0.17293952405452728,
            -0.48711591958999634
        ]
    ],
    "television_receiver.n.01": [
        [
            -7.5845537185668945,
            0.17293952405452728,
            -2.816098690032959
        ],
        [
            -6.461337566375732,
            0.43910688161849976,
            -4.343811511993408
        ]
    ],
    "wall_art.n.01": [
        [
            -3.703063726425171,
            0.7178686857223511,
            -3.214509963989258
        ],
        [
            -7.528778076171875,
            0.17293952405452728,
            1.2414631843566895
        ],
        [
            -7.5326008796691895,
            0.17293952405452728,
            1.398172378540039
        ],
        [
            -7.4987263679504395,
            0.17293952405452728,
            1.1751360893249512
        ],
        [
            -8.197267532348633,
            0.17293952405452728,
            0.06071369722485542
        ]
    ],
    "kitchen_cabinet.n.02": [
        [
            -7.436778545379639,
            0.17293952405452728,
            1.5048662424087524
        ],
        [
            -7.460687160491943,
            0.17293952405452728,
            1.4821034669876099
        ],
        [
            -6.089608669281006,
            0.17293952405452728,
            1.1001594066619873
        ],
        [
            -6.876306056976318,
            0.17293952405452728,
            1.4653372764587402
        ],
        [
            -4.762961387634277,
            0.17293952405452728,
            0.611851155757904
        ],
        [
            -5.543539047241211,
            0.17293952405452728,
            1.4414006471633911
        ],
        [
            -5.890703201293945,
            0.17293952405452728,
            1.4587502479553223
        ]
    ],
    "grab_bar.n.01": [
        [
            -7.507061958312988,
            0.17293952405452728,
            1.0782686471939087
        ]
    ],
    "chair.n.01": [
        [
            -7.994811058044434,
            0.17293952405452728,
            -3.999032497406006
        ],
        [
            -3.8804142475128174,
            0.17293952405452728,
            0.4900304675102234
        ],
        [
            -6.108099937438965,
            0.49608954787254333,
            -5.8865485191345215
        ],
        [
            -3.5224609375,
            0.41014406085014343,
            -5.949158668518066
        ],
        [
            -3.7988088130950928,
            0.17293952405452728,
            1.7086647748947144
        ],
        [
            -3.817246437072754,
            0.17293952405452728,
            0.43798547983169556
        ]
    ],
    "railing.n.01": [
        [
            -6.060844421386719,
            0.18261903524398804,
            -6.442521095275879
        ],
        [
            -3.2382984161376953,
            0.30893537402153015,
            -6.367596626281738
        ],
        [
            -4.046457290649414,
            0.17982791364192963,
            -6.424261093139648
        ]
    ],
    "ottoman.n.03": [
        [
            -4.183581352233887,
            0.17293952405452728,
            -6.226734743908935
        ]
    ],
    "basket.n.01": [
        [
            -3.2636401653289795,
            0.17293952405452728,
            -1.414599930369853
        ],
        [
            -8.480581283569336,
            0.4662700891494751,
            1.0730280876159668
        ],
        [
            -7.837243556976318,
            0.17293952405452728,
            -4.719874858856201
        ]
    ],
    "pet_bed.n.01": [
        [
            -5.987212181091309,
            0.3725433051586151,
            -4.72193717956543
        ]
    ],
    "pendant_lamp.n.01": [
        [
            -4.78419828414917,
            0.17293952405452728,
            0.3841552436351776
        ],
        [
            -5.899247169494629,
            0.17293952405452728,
            1.1186349391937256
        ]
    ],
    "console_table.n.01": [
        [
            -3.9177634716033936,
            0.17293952405452728,
            1.9089975357055664
        ],
        [
            -8.540261268615723,
            0.3071231245994568,
            1.1431077718734741
        ]
    ],
    "bookcase.n.01": [
        [
            -11.119967460632324,
            0.21489930152893066,
            1.045190453529358
        ]
    ],
    "shower_curtain.n.01": [
        [
            -10.268348693847656,
            0.3145005702972412,
            1.6660022735595703
        ]
    ],
    "doormat.n.02": [
        [
            -3.191274642944336,
            0.17419081926345825,
            -0.7552492618560791
        ]
    ],
    "towel_rack.n.01,towel.n.01": [
        [
            -6.613142967224121,
            0.17293952405452728,
            -0.488229900598526
        ]
    ],