{
    "rug.n.01": [
        [
            -6.0713701248168945,
            0.1811714619398117,
            2.2334397892093705
        ],
        [
            -4.497049808502197,
            0.1811714619398117,
            2.2334397892093705
        ],
        [
            -6.197050094604492,
            0.1811714619398117,
            3.349979916216128
        ],
        [
            -4.7687087059021,
            0.21324390172958374,
            3.0764193534851074
        ],
        [
            -8.18486213684082,
            0.4449656009674072,
            -1.9001898765563965
        ],
        [
            -4.815894603729248,
            0.1811714619398117,
            -2.3443901538848877
        ],
        [
            -1.9757699966430664,
            0.1811714619398117,
            -0.7196899819558844
        ],
        [
            -1.9757699966430664,
            0.1811714619398117,
            1.4139497629433961
        ],
        [
            -2.6015799045562744,
            0.1811714619398117,
            -2.917979781748059
        ],
        [
            -2.6015799045562744,
            0.1811714619398117,
            -2.0396898961251964
        ]
    ],
    "coffee_table.n.01": [
        [
            -5.051330089569092,
            0.5294744968414307,
            2.625444173812866
        ]
    ],
    "kitchen_cabinet.n.02": [
        [
            -10.734147071838379,
            0.1811714619398117,
            1.2290467023849487
        ],
        [
            -10.764410018920898,
            0.1811714619398117,
            3.1609795093536377
        ],
        [
            -9.584097862243652,
            0.1811714619398117,
            0.32421422004699707
        ],
        [
            -10.777398109436035,
            0.1811714619398117,
            4.253087520599365
        ],
        [
            -10.41442584991455,
            0.1811714619398117,
            0.3117552399635315
        ],
        [
            -10.774788856506348,
            0.1811714619398117,
            0.4029366672039032
        ],
        [
            -10.71827507019043,
            0.1811714619398117,
            2.029778003692627
        ],
        [
            0.11533665657043457,
            0.1811714619398117,
            3.0204062461853027
        ],
        [
            -0.5052878260612488,
            0.1811714619398117,
            2.997340679168701
        ],
        [
            -0.9571179151535034,
            0.1811714619398117,
            3.0138001441955566
        ]
    ],
    "kitchen_island.n.01": [
        [
            -10.360692977905273,
            0.1811714619398117,
            1.9453476667404175
        ],
        [
            -8.626059532165527,
            0.1811714619398117,
            2.0739755630493164
        ],
        [
            -8.659721374511719,
            0.1811714619398117,
            3.10006046295166
        ],
        [
            -10.368330955505371,
            0.1811714619398117,
            3.163008213043213
        ]
    ],
    "towel_rack.n.01,towel.n.01": [
        [
            -0.06837338209152222,
            0.1811714619398117,
            -3.6394031047821045
        ]
    ],
    "potted_plant.n.01": [
        [
            -3.3470723628997803,
            0.1811714619398117,
            4.859922409057617
        ],
        [
            -3.627002716064453,
            0.1811714619398117,
            0.18635159730911255
        ],
        [
            -1.9113543033599854,
            0.1811714619398117,
            3.5390334129333496
        ],
        [
            -8.558497428894043,
            0.1811714619398117,
            7.83527946472168
        ],
        [
            -1.4370259046554565,
            0.1811714619398117,
            4.351431846618652
        ],
        [
            -0.93553626537323,
            0.1811714619398117,
            0.09844805300235748
        ]
    ],
    "chandelier.n.01": [
        [
            -4.7946577072143555,
            0.1811714619398117,
            -2.137751579284668
        ],
        [
            -10.003029823303223,
            0.1811714619398117,
            5.060724258422852
        ],
        [
            -8.68136215209961,
            0.1811714619398117,
            2.5670647621154785
        ]
    ],
    "towel.n.01": [
        [
            -0.9520096182823181,
            0.1811714619398117,
            4.246004581451416
        ]
    ],
    "armchair.n.01": [
        [
            -9.7876615524292,
            0.1811714619398117,
            -2.1912035942077637
        ],
        [
            -13.28647232055664,
            0.1811714619398117,
            6.549199104309082
        ],
        [
            -8.888185501098633,
            0.1811714619398117,
            5.815310478210449
        ],
        [
            -9.837224006652832,
            0.1811714619398117,
            5.1223368644714355
        ],
        [
            -10.757963180541992,
            0.1811714619398117,
            4.6808037757873535
        ],
        [
            -9.986072540283203,
            0.1811714619398117,
            5.103571891784668
        ],
        [
            -4.467830181121826,
            0.1811714619398117,
            0.8850900003260342
        ],
        [
            -5.432928562164307,
            0.3839205205440521,
            1.1188640594482422
        ]
    ],
    "book.n.02": [
        [
            -5.015671253204346,
            0.45674818754196167,
            2.46427845954895
        ],
        [
            -5.109370231628418,
            0.1811714619398117,
            2.6903098705226185
        ]
    ],
    "mantel.n.01": [
        [
            -3.499892473220825,
            0.1811714619398117,
            2.42966365814209
        ]
    ],
    "flower_in_vase.n.01": [
        [
            -4.864543914794922,
            0.1811714619398117,
            3.379646062850952
        ],
        [
            -9.993583679199219,
            0.1811714619398117,
            5.100152969360352
        ],
        [
            -4.809576034545898,
            0.41626840829849243,
            2.9453210830688477
        ]
    ],
    "hamper.n.02": [
        [
            0.6068899035453796,
            0.1811714619398117,
            2.1122543811798096
        ]
    ],
    "bed.n.01": [
        [
            0.2038774937391281,
            0.8839681148529053,
            0.40837639570236206
        ]
    ],
    "stove.n.01,oven.n.01": [
        [
            -8.587668418884277,
            0.1811714619398117,
            0.3623562455177307
        ]
    ],
    "cabinet.n.01": [
        [
            -12.033915519714355,
            0.1811714619398117,
            1.9316976070404053
        ],
        [
            -11.992341041564941,
            0.1811714619398117,
            0.9904759526252747
        ],
        [
            -11.985151290893555,
            0.1811714619398117,
            0.5742751359939575
        ],
        [
            -12.049476623535156,
            0.1811714619398117,
            1.6248435974121094
        ],
        [
            -12.030996322631836,
            0.1811714619398117,
            4.294346332550049
        ]
    ],
    "sink.n.01": [
        [
            -10.776381492614746,
            0.1811714619398117,
            1.263277530670166
        ]
    ],
    "desk.n.01": [
        [
            -8.184443473815918,
            0.4766432046890259,
            -2.0046284198760986
        ]
    ],
    "dining_table.n.01": [
        [
            -10.007061958312988,
            0.1811714619398117,
            5.110711574554443
        ]
    ],
    "floor_lamp.n.01": [
        [
            -6.5435662269592285,
            0.1811714619398117,
            0.7467579245567322
        ]
    ],