{
    "towel_rack.n.01": [
        [
            -6.791502952575684,
            0.15769971907138824,
            -0.3199557960033417
        ]
    ],
    "toilet_paper_holder.n.01": [
        [
            -11.516883850097656,
            0.1980823576450348,
            -5.861984729766846
        ],
        [
            -5.810666084289551,
            0.15769971907138824,
            -2.3652892112731934
        ],
        [
            -6.614407062530518,
            0.18284527957439423,
            -1.0612913370132446
        ]
    ],
    "potted_plant.n.01": [
        [
            -14.441402435302734,
            0.7056632041931152,
            1.2244271039962769
        ],
        [
            -15.902680397033691,
            0.15769971907138824,
            2.000915765762329
        ],
        [
            -11.397207260131836,
            0.15769971907138824,
            2.487710952758789
        ],
        [
            -9.757777214050293,
            0.15769971907138824,
            2.0914535522460938
        ],
        [
            -16.973461151123047,
            0.15769971907138824,
            -3.1294264793395996
        ]
    ],
    "throw_pillow.n.01": [
        [
            -9.390774726867676,
            0.15769971907138824,
            1.8732342720031738
        ],
        [
            -8.808971405029297,
            0.15769971907138824,
            0.8209692239761353
        ],
        [
            -8.862150192260742,
            0.15769971907138824,
            0.9817879796028137
        ],
        [
            -6.338954448699951,
            0.15769971907138824,
            -6.078783988952637
        ],
        [
            -8.67408275604248,
            0.15769971907138824,
            0.5938522219657898
        ],
        [
            -7.952385902404785,
            0.15769971907138824,
            -6.150018215179443
        ],
        [
            -9.510082244873047,
            0.15769971907138824,
            2.017650604248047
        ]
    ],
    "shoe.n.01": [
        [
            -5.68558406829834,
            0.15769971907138824,
            -4.952836036682129
        ],
        [
            -5.4423723220825195,
            0.15769971907138824,
            -4.9366350173950195
        ],
        [
            -3.3299202919006348,
            0.15769971907138824,
            -5.476255416870117
        ]
    ],
    "watering_can.n.01": [
        [
            -14.421850204467773,
            0.15769971907138824,
            -6.186069595308306
        ]
    ],
    "beanbag_chair.n.01": [
        [
            -6.358717918395996,
            0.15769971907138824,
            -5.109528541564941
        ]
    ],
    "stairway.n.01,stairs.n.01": [
        [
            -12.157576560974121,
            0.3576997220516205,
            -6.232285976409912
        ],
        [
            -11.824811935424805,
            0.3576997220516205,
            -6.21146297454834
        ]
    ],
    "wall_art.n.01": [
        [
            -2.359682559967041,
            0.16054680943489075,
            -2.412177562713623
        ],
        [
            -0.795035183429718,
            0.15769971907138824,
            -2.1525278091430664
        ],
        [
            -11.34316349029541,
            0.26248231530189514,
            -6.268651962280273
        ],
        [
            -5.744216442108154,
            0.15769971907138824,
            -4.93195915222168
        ],
        [
            -8.03176212310791,
            0.15769971907138824,
            -1.5184924602508545
        ],
        [
            -0.6389397978782654,
            0.15769971907138824,
            -2.5916266441345215
        ],
        [
            -0.7406556606292725,
            0.15769971907138824,
            -2.1038355827331543
        ],
        [
            -2.4185612201690674,
            0.27797314524650574,
            -4.916773319244385
        ],
        [
            -0.7325220704078674,
            0.15769971907138824,
            -2.114103317260742
        ],
        [
            -16.069747924804688,
            0.15769971907138824,
            -5.076938629150391
        ],
        [
            -12.781335830688477,
            0.15769971907138824,
            -5.859945774078369
        ],
        [
            -9.904304504394531,
            0.2949482202529907,
            -8.150775909423828
        ]
    ],
    "toilet_brush.n.01,toilet_brush_holder.n.01": [
        [
            -6.572864055633545,
            0.2659313678741455,
            -1.0384269952774048
        ]
    ],
    "rug.n.01": [
        [
            -1.4053199291229248,
            0.15769971907138824,
            -3.7068097766155006
        ],
        [
            -8.62930965423584,
            0.15769971907138824,
            -6.946819845031484
        ],
        [
            -1.5656626224517822,
            0.15769971907138824,
            -5.200498580932617
        ]
    ],
    "shoe_rack.n.01": [
        [
            -13.251733779907227,
            0.15769971907138824,
            -6.009563446044922
        ],
        [
            -14.483173370361328,
            0.15769971907138824,
            -6.611894130706787
        ]
    ],
    "television_receiver.n.01": [
        [
            -0.4940188229084015,
            0.3299850523471832,
            -6.025065898895264
        ],
        [
            -10.440473556518555,
            0.15769971907138824,
            2.0853214263916016
        ],
        [
            -11.436001777648926,
            0.23496028780937195,
            -4.407870292663574
        ]
    ],
    "footstool.n.01": [
        [
            -10.843859672546387,
            0.15769971907138824,
            1.6161499252229916
        ]
    ],
    "nightstand.n.01": [
        [
            -0.6845837831497192,
            0.15769971907138824,
            -2.5017623901367188
        ]
    ],
    "bedclothes.n.01": [
        [
            -3.0591275691986084,
            0.566648006439209,
            -6.271951198577881
        ]
    ],
    "double_bed.n.01": [
        [
            -1.2921884059906006,
            1.0223698616027832,
            -0.8632411956787109
        ]
    ],
    "towel_ring.n.01,towel.n.01": [
        [
            -12.801347732543945,
            0.15769971907138824,
            -5.755012035369873
        ]
    ],
    "plaything.n.01": [
        [
            -0.7178542017936707,
            0.15769971907138824,
            -5.143265247344971
        ]
    ],
    "glass.n.02": [
        [
            -3.529571533203125,
            0.15769971907138824,
            -0.9116125702857971
        ]
    ],
    "soap_dispenser.n.01": [
        [
            -5.0654296875,
            0.15769971907138824,
            -0.7940391302108765
        ]
    ],
    "floor_mirror.n.01": [
        [
            -3.8959319591522217,
            0.15769971907138824,
            -1.6683266162872314
        ]
    ],
    "sink_cabinet.n.01": [
        [
            -5.238278388977051,
            0.15769971907138824,
            -0.790097713470459
        ],
        [
            -5.579552173614502,
            0.15769971907138824,
            -2.29225492477417
        ],
        [
            -12.061708450317383,
            0.3576997220516205,
            -6.197872161865234
        ]
    ],
    "book.n.02": [
        [
            -9.986502647399902,
            0.15769971907138824,
            2.0886058807373047
        ],
        [
            -10.525842666625977,
            0.15769971907138824,
            2.0893712043762207
        ],
        [
            -10.622285842895508,
            0.15769971907138824,
            2.097456216812134
        ]
    ],
    "picture_frame.n.01": [
        [
            -12.063116073608398,
            0.15769971907138824,
            -4.010021209716797
        ],
        [
            -0.7309842705726624,
            0.15769971907138824,
            -2.346914052963257
        ]
    ],