{
    "towel_rack.n.01": [
        [
            -6.810209274291992,
            0.15769971907138824,
            -0.31302469968795776
        ]
    ],
    "toilet_paper_holder.n.01": [
        [
            -11.516315460205078,
            0.2003559172153473,
            -5.862862586975098
        ],
        [
            -5.771544456481934,
            0.15769971907138824,
            -2.344067096710205
        ],
        [
            -6.620114803314209,
            0.17142978310585022,
            -1.0801687240600586
        ]
    ],
    "potted_plant.n.01": [
        [
            -14.461446762084961,
            0.7150958776473999,
            1.2191331386566162
        ],
        [
            -15.858014106750488,
            0.15769971907138824,
            1.984832763671875
        ],
        [
            -11.384573936462402,
            0.15769971907138824,
            2.589740037918091
        ],
        [
            -9.849815368652344,
            0.15769971907138824,
            2.08691668510437
        ],
        [
            -16.975717544555664,
            0.15769971907138824,
            -3.18173885345459
        ]
    ],
    "throw_pillow.n.01": [
        [
            -9.386456489562988,
            0.15769971907138824,
            1.890549659729004
        ],
        [
            -8.781505584716797,
            0.15769971907138824,
            0.755626916885376
        ],
        [
            -8.769954681396484,
            0.15769971907138824,
            0.7453606128692627
        ],
        [
            -6.3103532791137695,
            0.15769971907138824,
            -6.208404064178467
        ],
        [
            -8.616546630859375,
            0.15769971907138824,
            0.5037219524383545
        ],
        [
            -7.927186965942383,
            0.15769971907138824,
            -6.024322032928467
        ],
        [
            -9.451868057250977,
            0.15769971907138824,
            1.9728599786758423
        ]
    ],
    "shoe.n.01": [
        [
            -5.81873893737793,
            0.15769971907138824,
            -4.974691390991211
        ],
        [
            -5.432428359985352,
            0.15769971907138824,
            -4.90705680847168
        ],
        [
            -3.328256607055664,
            0.15769971907138824,
            -5.47873592376709
        ]
    ],
    "watering_can.n.01": [
        [
            -14.421850204467773,
            0.15769971907138824,
            -6.186069595308306
        ]
    ],
    "beanbag_chair.n.01": [
        [
            -6.302815914154053,
            0.15769971907138824,
            -5.088489055633545
        ]
    ],
    "stairway.n.01,stairs.n.01": [
        [
            -12.158241271972656,
            0.3576997220516205,
            -6.217410087585449
        ],
        [
            -11.940804481506348,
            0.3576997220516205,
            -6.225196838378906
        ]
    ],
    "wall_art.n.01": [
        [
            -2.2703065872192383,
            0.16288939118385315,
            -2.413447380065918
        ],
        [
            -0.7839040756225586,
            0.15769971907138824,
            -2.130131721496582
        ],
        [
            -11.442867279052734,
            0.3026615381240845,
            -6.230332851409912
        ],
        [
            -5.774969100952148,
            0.15769971907138824,
            -4.906085968017578
        ],
        [
            -8.008193016052246,
            0.15769971907138824,
            -1.432246208190918
        ],
        [
            -0.6083613634109497,
            0.15769971907138824,
            -2.6448466777801514
        ],
        [
            -0.735196590423584,
            0.15769971907138824,
            -2.167677164077759
        ],
        [
            -2.3652915954589844,
            0.2858181297779083,
            -4.919086456298828
        ],
        [
            -0.7323590517044067,
            0.15769971907138824,
            -2.1190896034240723
        ],
        [
            -16.167800903320312,
            0.15769971907138824,
            -5.045806884765625
        ],
        [
            -12.7916898727417,
            0.15769971907138824,
            -5.852156639099121
        ],
        [
            -9.898128509521484,
            0.29219841957092285,
            -8.186515808105469
        ]
    ],
    "toilet_brush.n.01,toilet_brush_holder.n.01": [
        [
            -6.621237754821777,
            0.1691838800907135,
            -1.0736151933670044
        ]
    ],
    "rug.n.01": [
        [
            -1.4053199291229248,
            0.15769971907138824,
            -3.7068097766155006
        ],
        [
            -8.62930965423584,
            0.15769971907138824,
            -6.946819845031484
        ],
        [
            -1.6675240993499756,
            0.15769971907138824,
            -5.107142448425293
        ]
    ],
    "shoe_rack.n.01": [
        [
            -13.28874397277832,
            0.15769971907138824,
            -6.01575231552124
        ],
        [
            -14.501708030700684,
            0.15769971907138824,
            -6.878818035125732
        ]
    ],
    "television_receiver.n.01": [
        [
            -0.4680444598197937,
            0.2551281750202179,
            -5.913979530334473
        ],
        [
            -10.373496055603027,
            0.15769971907138824,
            2.0776801109313965
        ],
        [
            -11.56523323059082,
            0.2092302143573761,
            -4.277586936950684
        ]
    ],
    "footstool.n.01": [
        [
            -10.843859672546387,
            0.15769971907138824,
            1.6161499252229916
        ]
    ],
    "nightstand.n.01": [
        [
            -0.7806782722473145,
            0.15769971907138824,
            -2.2305946350097656
        ]
    ],
    "bedclothes.n.01": [
        [
            -3.0288639068603516,
            0.581817626953125,
            -6.151674747467041
        ]
    ],
    "double_bed.n.01": [
        [
            -1.4314844608306885,
            0.9602980017662048,
            -1.164796233177185
        ]
    ],
    "towel_ring.n.01,towel.n.01": [
        [
            -12.778077125549316,
            0.15769971907138824,
            -5.704521656036377
        ]
    ],
    "plaything.n.01": [
        [
            -0.661562442779541,
            0.15769971907138824,
            -5.014215469360352
        ]
    ],
    "glass.n.02": [
        [
            -3.540393829345703,
            0.15769971907138824,
            -0.9066441059112549
        ]
    ],
    "soap_dispenser.n.01": [
        [
            -4.921025276184082,
            0.15769971907138824,
            -0.7939392924308777
        ]
    ],
    "floor_mirror.n.01": [
        [
            -3.890061855316162,
            0.15769971907138824,
            -1.5647242069244385
        ]
    ],
    "sink_cabinet.n.01": [
        [
            -5.266153812408447,
            0.15769971907138824,
            -0.7872576713562012
        ],
        [
            -5.338456630706787,
            0.15769971907138824,
            -2.2618818283081055
        ],
        [
            -12.057783126831055,
            0.3576997220516205,
            -6.197793006896973
        ]
    ],
    "book.n.02": [
        [
            -9.962029457092285,
            0.15769971907138824,
            2.0737383365631104
        ],
        [
            -10.269696235656738,
            0.15769971907138824,
            2.095987319946289
        ],
        [
            -10.70747184753418,
            0.15769971907138824,
            2.0786523818969727
        ]
    ],
    "picture_frame.n.01": [
        [
            -11.999075889587402,
            0.15769971907138824,
            -3.998274326324463
        ],
        [
            -0.7304760813713074,
            0.15769971907138824,
            -2.3115038871765137
        ]
    ],