{
    "towel.n.01": [
        [
            -13.349260330200195,
            0.32113489508628845,
            -4.650099927180992
        ],
        [
            -10.30593204498291,
            0.47020623087882996,
            -4.9272260665893555
        ]
    ],
    "tissue_box.n.01": [
        [
            -13.925725936889648,
            0.1810450553894043,
            -2.3331005573272705
        ],
        [
            -10.301704406738281,
            0.3696547746658325,
            -5.002462863922119
        ]
    ],
    "shoe.n.01": [
        [
            -11.176249504089355,
            0.1810450553894043,
            -5.2672624588012695
        ],
        [
            -7.511801719665527,
            0.1810450553894043,
            -4.738699913024902
        ],
        [
            -9.117012023925781,
            0.1810450553894043,
            1.610313057899475
        ],
        [
            -9.34288215637207,
            0.1810450553894043,
            1.5755215883255005
        ],
        [
            -8.326992988586426,
            0.1810450553894043,
            1.0974642038345337
        ],
        [
            -10.306351661682129,
            0.20167386531829834,
            -5.122840404510498
        ]
    ],
    "double_bed.n.01": [
        [
            -13.019991874694824,
            0.9010499715805054,
            -3.9922213554382324
        ],
        [
            -9.854804992675781,
            0.32113489508628845,
            -4.05124449424477
        ]
    ],
    "blender.n.01": [
        [
            -5.72556209564209,
            0.44502735137939453,
            -5.328127384185791
        ]
    ],
    "tent.n.01": [
        [
            -1.506892442703247,
            1.0786105394363403,
            -11.19365119934082
        ]
    ],
    "toiletry.n.01": [
        [
            -11.263678550720215,
            0.4443513751029968,
            -4.632320404052734
        ]
    ],
    "throw_pillow.n.01": [
        [
            -13.009765625,
            0.8388646245002747,
            -3.5742290019989014
        ],
        [
            -6.1563334465026855,
            0.21883940696716309,
            -3.832460403442383
        ],
        [
            -12.995870590209961,
            0.8060095906257629,
            -3.4891209602355957
        ],
        [
            -9.836179733276367,
            0.32113489508628845,
            -3.6744298860770392
        ],
        [
            -13.282584190368652,
            0.9017518758773804,
            -3.5916905403137207
        ]
    ],
    "car.n.01": [
        [
            -1.5624302625656128,
            1.580761194229126,
            -14.298933982849121
        ],
        [
            -4.11729621887207,
            1.4936132431030273,
            -13.998478889465332
        ],
        [
            -6.089914798736572,
            0.981045126914978,
            -14.405075073242188
        ]
    ],
    "bulletin_board.n.02": [
        [
            -6.90899133682251,
            0.1810450553894043,
            0.2923676669597626
        ]
    ],
    "wine_rack.n.01": [
        [
            -4.682764053344727,
            0.1810450553894043,
            -2.7696006298065186
        ]
    ],
    "coffee_table.n.01": [
        [
            -3.1779000759124756,
            0.32113489508628845,
            -0.5867599495196352
        ]
    ],
    "nightstand.n.01": [
        [
            -8.912670135498047,
            0.32113489508628845,
            -3.3778295887810117
        ],
        [
            -9.883453369140625,
            0.23981142044067383,
            1.1474874019622803
        ],
        [
            -11.884441375732422,
            0.5256034731864929,
            -3.5489888191223145
        ]
    ],
    "armchair.n.01": [
        [
            -1.6518127918243408,
            0.6280708909034729,
            -9.011547088623047
        ]
    ],
    "armoire.n.01": [
        [
            -9.748820304870605,
            0.18242157995700836,
            -5.114648818969727
        ],
        [
            -12.920055389404297,
            0.20991046726703644,
            -5.121499061584473
        ],
        [
            -8.707630157470703,
            0.1810450553894043,
            1.1112943887710571
        ]
    ],
    "bed.n.01": [
        [
            -6.159152984619141,
            0.21489685773849487,
            -3.879758358001709
        ],
        [
            -11.060174942016602,
            0.32113489508628845,
            0.9650799652886377
        ]
    ],
    "chaise_longue.n.01": [
        [
            -6.745910167694092,
            0.32113489508628845,
            -8.757734730378672
        ],
        [
            -8.146539688110352,
            0.32113489508628845,
            -8.761174633432915
        ]
    ],
    "rug.n.01": [
        [
            -3.1793899536132812,
            0.32113489508628845,
            -0.7505699544805289
        ],
        [
            -0.617899477481842,
            0.1810450553894043,
            -3.257080078125
        ],
        [
            -13.240849494934082,
            0.32113489508628845,
            -1.4176099647515983
        ],
        [
            -6.166563987731934,
            0.1961989551782608,
            -4.288860321044922
        ],
        [
            -10.986230850219727,
            0.32113489508628845,
            0.1596300059777489
        ]
    ],
    "kitchen_cabinet.n.02": [
        [
            -4.45796012878418,
            0.1810450553894043,
            -4.3777546882629395
        ],
        [
            -3.83324933052063,
            0.1810450553894043,
            -4.979410648345947
        ],
        [
            -2.9947738647460938,
            0.1810450553894043,
            -2.739212989807129
        ],
        [
            -3.972296714782715,
            0.1810450553894043,
            -4.815453052520752
        ]
    ],
    "bathtub.n.01": [
        [
            -13.781660079956055,
            0.1850138157606125,
            -1.1165984869003296
        ]
    ],
    "window_curtain.n.01": [
        [
            -11.327075004577637,
            0.1810450553894043,
            -5.272265911102295
        ],
        [
            -8.2017822265625,
            0.1810450553894043,
            -6.2060651779174805
        ]
    ],
    "whiteboard.n.01": [
        [
            -6.345889091491699,
            0.1810450553894043,
            0.06412485241889954
        ]
    ],
    "wall_mirror.n.01": [
        [
            -0.1061689481139183,
            0.1810450553894043,
            -1.6646814346313477
        ],
        [
            -0.8084229826927185,
            0.1810450553894043,
            -1.62546706199646
        ],
        [
            0.1680307388305664,
            0.1810450553894043,
            -1.6304383277893066
        ],
        [
            -8.33126163482666,
            0.1810450553894043,
            -0.9451438784599304
        ]
    ],
    "pet_house.n.01": [
        [
            -0.4689379632472992,
            0.21931885182857513,
            -10.03277587890625
        ],
        [
            -7.317185401916504,
            0.1810450553894043,
            -2.483120918273926
        ]
    ],
    "chest_of_drawers.n.01": [
        [
            -7.233044147491455,
            0.1810450553894043,
            -5.134324073791504
        ]
    ],
    "swivel_chair.n.01": [
        [
            -8.762863159179688,
            0.18357233703136444,
            -4.226720333099365
        ],
        [
            -6.703153610229492,
            0.1810450553894043,
            -0.5473878979682922
        ]
    ],
    "sofa.n.01": [
        [
            -3.1920650005340576,
            0.32113489508628845,
            -1.9062099512690267
        ],
        [
            -0.7473415732383728,
            0.6834104657173157,
            -7.937110900878906
        ]
    ],