{
    "armoire.n.01": [
        [
            1.760973572731018,
            4.12490701675415,
            -3.941786766052246
        ]
    ],
    "flower_in_vase.n.01": [
        [
            -0.9559999704360962,
            4.12490701675415,
            -4.277999587178236
        ]
    ],
    "television_receiver.n.01": [
        [
            -3.8161556720733643,
            4.12490701675415,
            -4.50834846496582
        ]
    ],
    "wall_clock.n.01": [
        [
            -3.6560416221618652,
            4.12490701675415,
            -2.1791281700134277
        ]
    ],
    "wall_lamp.n.01": [
        [
            0.26673001050949097,
            4.12490701675415,
            -2.7474996744018796
        ],
        [
            -1.7884001731872559,
            4.12490701675415,
            -2.747499673876767
        ]
    ],
    "desk.n.01": [
        [
            -3.7768757343292236,
            4.12490701675415,
            -3.9603495597839355
        ]
    ],
    "laptop.n.01": [
        [
            -3.8169806003570557,
            4.12490701675415,
            -4.2253336906433105
        ]
    ],
    "chandelier.n.01": [
        [
            -0.8349999785423279,
            4.12490701675415,
            4.002999780118472
        ],
        [
            1.7637194395065308,
            4.12490701675415,
            -3.361692428588867
        ]
    ],
    "swivel_chair.n.01": [
        [
            -3.7652628421783447,
            4.12490701675415,
            -4.314166069030762
        ]
    ],
    "toilet.n.02": [
        [
            -3.7935662269592285,
            4.12490701675415,
            -2.1692633628845215
        ]
    ],
    "wall_mirror.n.01": [
        [
            1.8468966484069824,
            4.12490701675415,
            -2.3930914402008057
        ]
    ],
    "potted_plant.n.01": [
        [
            1.404251217842102,
            4.12490701675415,
            -5.5765997423768
        ],
        [
            -3.4097487926483154,
            4.12490701675415,
            -5.5765997423768
        ],
        [
            -3.4097487926483154,
            4.12490701675415,
            -3.1735997692585016
        ],
        [
            1.3922511339187622,
            4.12490701675415,
            -4.024599789106844
        ],
        [
            1.3922511339187622,
            4.12490701675415,
            -4.7475997956037475
        ],
        [
            -3.4097487926483154,
            4.12490701675415,
            -4.001600026988967
        ],
        [
            -3.4097487926483154,
            4.12490701675415,
            -4.83059997376202
        ],
        [
            1.3922511339187622,
            4.12490701675415,
            -3.1735997686624553
        ]
    ],
    "balcony.n.02": [
        [
            -1.006890058517456,
            4.12490701675415,
            -4.395259595199832
        ]
    ],
    "footstool.n.01": [
        [
            -0.9810000061988831,
            4.12490701675415,
            -5.692999499857435
        ],
        [
            0.5170000195503235,
            4.12490701675415,
            -4.6169998266100825
        ],
        [
            -2.4509999752044678,
            4.12490701675415,
            -4.6879999221563216
        ],
        [
            -2.0840001106262207,
            4.12490701675415,
            -3.271999878764148
        ],
        [
            0.09800000488758087,
            4.12490701675415,
            -3.2389996499419307
        ]
    ],
    "end_table.n.01": [
        [
            -0.9649999737739563,
            4.12490701675415,
            -4.272999507606044
        ]
    ],
    "window.n.01": [
        [
            1.7991797924041748,
            4.12490701675415,
            -4.626455783843994
        ],
        [
            -1.3673080205917358,
            4.12490701675415,
            3.135228395462036
        ],
        [
            -0.10605868697166443,
            4.12490701675415,
            4.682363986968994
        ],
        [
            -0.4748835563659668,
            4.12490701675415,
            4.880647659301758
        ],
        [
            -1.388193130493164,
            4.12490701675415,
            4.800811767578125
        ],
        [
            -0.7733317613601685,
            4.12490701675415,
            4.965153217315674
        ]
    ]
}