{
    "window_curtain.n.01": [
        [
            -7.338839530944824,
            0.26474255323410034,
            0.3702521324157715
        ],
        [
            -7.337732791900635,
            0.18017907440662384,
            -1.6558821201324463
        ],
        [
            -7.415291786193848,
            0.18017907440662384,
            -7.505897045135498
        ],
        [
            -7.345351219177246,
            0.18017907440662384,
            -6.179931640625
        ],
        [
            -6.848502159118652,
            0.18017907440662384,
            -3.173055648803711
        ]
    ],
    "coffee_table.n.01": [
        [
            -6.337209701538086,
            0.3411533534526825,
            -6.412539005279541
        ]
    ],
    "bed.n.01": [
        [
            -6.005324363708496,
            0.741330623626709,
            0.3051895201206207
        ]
    ],
    "plate.n.04": [
        [
            -2.6902430057525635,
            0.18017907440662384,
            -7.949406147003174
        ],
        [
            -2.6994833946228027,
            0.18017907440662384,
            -6.941494941711426
        ],
        [
            -2.683651924133301,
            0.18017907440662384,
            -7.728672981262207
        ]
    ],
    "ceiling_fan.n.01": [
        [
            -5.913000106811523,
            0.18756099045276642,
            -1.2419997281432202
        ]
    ],
    "wall_art.n.01": [
        [
            -5.56528377532959,
            0.18017907440662384,
            -2.897782802581787
        ],
        [
            -5.606706619262695,
            0.18017907440662384,
            -2.9254207611083984
        ],
        [
            -5.957181930541992,
            0.18017907440662384,
            -2.8862781524658203
        ],
        [
            -7.146665573120117,
            0.18017907440662384,
            -2.304129123687744
        ],
        [
            -4.982190132141113,
            0.18017907440662384,
            -2.904719591140747
        ],
        [
            -1.6338895559310913,
            0.18017907440662384,
            -2.8972396850585938
        ],
        [
            -6.507791042327881,
            0.18017907440662384,
            -2.8897225856781006
        ],
        [
            -3.586813449859619,
            0.18017907440662384,
            1.4669568538665771
        ],
        [
            -1.4202885627746582,
            0.18017907440662384,
            -8.105223655700684
        ]
    ],
    "rug.n.01": [
        [
            -0.4169999957084656,
            0.18756099045276642,
            -3.1959999086856783
        ],
        [
            -5.871450424194336,
            0.18756099045276642,
            -1.2216699587303381
        ],
        [
            -6.175065517425537,
            0.3708997368812561,
            -6.420968532562256
        ]
    ],
    "place_mat.n.01": [
        [
            -2.696885347366333,
            0.18017907440662384,
            -7.076582908630371
        ],
        [
            -2.6849420070648193,
            0.18017907440662384,
            -7.942466735839844
        ],
        [
            -2.666564702987671,
            0.18017907440662384,
            -7.331851005554199
        ]
    ],
    "shower_stall.n.01": [
        [
            -1.2114334106445312,
            0.18017907440662384,
            -2.124973773956299
        ]
    ],
    "mixer.n.04": [
        [
            -0.49286651611328125,
            0.18017907440662384,
            -7.96176815032959
        ]
    ],
    "toilet.n.02": [
        [
            -0.4326399862766266,
            0.18756099045276642,
            -0.48050001379847274
        ]
    ],
    "potted_plant.n.01": [
        [
            -6.723536014556885,
            0.5000098943710327,
            -6.63740348815918
        ]
    ],
    "flower_in_vase.n.01": [
        [
            -6.372010707855225,
            0.18017907440662384,
            -2.899441719055176
        ]
    ],
    "alarm_clock.n.01": [
        [
            -4.834177017211914,
            0.5736674070358276,
            1.4071455001831055
        ]
    ],
    "desk.n.01": [
        [
            -6.806421756744385,
            0.18017907440662384,
            -3.1505661010742188
        ]
    ],
    "towel_rack.n.01,towel.n.01": [
        [
            -1.6560487747192383,
            0.18017907440662384,
            -2.2850260734558105
        ]
    ],
    "chair.n.01": [
        [
            -6.375843048095703,
            0.18017907440662384,
            -4.137676239013672
        ]
    ],
    "pendant_lamp.n.01": [
        [
            -2.684866428375244,
            0.18017907440662384,
            -7.4015655517578125
        ]
    ],
    "bar_stool.n.01,chair.n.01": [
        [
            -4.363732814788818,
            0.1824919432401657,
            -8.133949279785156
        ],
        [
            -4.282937049865723,
            0.18017907440662384,
            -7.6314568519592285
        ],
        [
            -4.327274322509766,
            0.18017907440662384,
            -6.892521858215332
        ]
    ],
    "wall_mirror.n.01": [
        [
            -3.426255464553833,
            0.18017907440662384,
            -0.7286951541900635
        ],
        [
            -0.3430030643939972,
            0.18017907440662384,
            0.7025550603866577
        ]
    ],
    "nightstand.n.01": [
        [
            -7.154170513153076,
            0.48482546210289,
            1.1716960668563843
        ],
        [
            -4.822832107543945,
            0.5686870217323303,
            1.3893539905548096
        ]
    ],
    "table_lamp.n.01": [
        [
            -4.4504241943359375,
            0.18017907440662384,
            1.2699748277664185
        ],
        [
            -7.127190113067627,
            0.5122193098068237,
            1.1962170600891113
        ]
    ],
    "wall_clock.n.01": [
        [
            -4.384993553161621,
            0.180805042386055,
            -8.175492286682129
        ]
    ],
    "tissue_box.n.01": [
        [
            -7.102638244628906,
            0.4739000201225281,
            1.150322675704956
        ]
    ],
    "ashcan.n.01": [
        [
            -1.1764079332351685,
            0.18017907440662384,
            -0.6324756145477295
        ]
    ],
    "bath_mat.n.01": [
        [
            -2.0312299728393555,
            0.18756099045276642,
            -1.0174199928390948
        ]
    ],
    "refrigerator.n.01": [
        [
            -1.0073859691619873,
            0.18017907440662384,
            -4.256396770477295
        ]
    ],
    "television_receiver.n.01": [
        [
            -6.247865676879883,
            0.1957956999540329,
            -8.115427017211914
        ]
    ],
    "chest_of_drawers.n.01": [
        [
            -5.981856346130371,
            0.18017907440662384,
            -1.7429649829864502
        ]
    ],
    "sofa.n.01": [
        [
            -5.921853542327881,
            0.25689539313316345,
            -5.999231338500977
        ]
    ],