{
    "bookcase.n.01": [
        [
            -12.332756042480469,
            1.3270344734191895,
            -15.6839017868042
        ],
        [
            -12.304950714111328,
            1.3597661256790161,
            -15.730094909667969
        ],
        [
            -12.313902854919434,
            1.3272725343704224,
            -15.75040340423584
        ],
        [
            -12.319132804870605,
            1.306328296661377,
            -15.763493537902832
        ],
        [
            -12.327885627746582,
            1.2780412435531616,
            -15.643074035644531
        ],
        [
            -12.325529098510742,
            1.3298566341400146,
            -15.686253547668457
        ],
        [
            -12.337610244750977,
            1.3520985841751099,
            -15.73488712310791
        ],
        [
            -12.324935913085938,
            1.3695355653762817,
            -15.719319343566895
        ],
        [
            -12.315086364746094,
            1.3596993684768677,
            -15.711122512817383
        ]
    ],
    "window_blind.n.01": [
        [
            -1.2456495761871338,
            0.7727376222610474,
            -4.6807684898376465
        ],
        [
            -0.9082575440406799,
            0.7627597451210022,
            -5.695615768432617
        ]
    ],
    "rug.n.01": [
        [
            -4.800632953643799,
            0.7319347858428955,
            -14.475044250488281
        ]
    ],
    "car.n.01": [
        [
            -18.06405258178711,
            1.904573917388916,
            -9.243749618530273
        ],
        [
            -18.303951263427734,
            1.857641577720642,
            -14.56084156036377
        ]
    ],
    "potted_plant.n.01": [
        [
            -13.696285247802734,
            0.9310050010681152,
            -9.421136856079102
        ],
        [
            -9.661725044250488,
            1.194712519645691,
            -15.860023498535156
        ]
    ],
    "nightstand.n.01": [
        [
            -3.289705514907837,
            0.7718015909194946,
            -15.402441024780273
        ],
        [
            -3.416334867477417,
            0.6873818039894104,
            -14.370739936828613
        ],
        [
            -0.8961459994316101,
            0.7688155174255371,
            -5.709709644317627
        ],
        [
            -1.1655540466308594,
            0.7624949812889099,
            -4.560482025146484
        ]
    ],
    "seat_cushion.n.01": [
        [
            -9.688512802124023,
            1.3614609241485596,
            -15.428768157958984
        ],
        [
            -11.040811538696289,
            1.3157634735107422,
            -15.941635131835938
        ]
    ],
    "rock.n.01": [
        [
            -6.025213241577148,
            0.6886102557182312,
            -17.08131217956543
        ],
        [
            -9.149673461914062,
            0.682409942150116,
            -17.221651077270508
        ]
    ],
    "wall_lamp.n.01": [
        [
            -13.738039016723633,
            0.9550702571868896,
            -9.408504486083984
        ]
    ],
    "wall_art.n.01": [
        [
            -1.3214335441589355,
            0.7270647287368774,
            -4.40670919418335
        ],
        [
            -3.2941761016845703,
            0.7688211798667908,
            -15.368386268615723
        ],
        [
            -3.3220324516296387,
            0.7502502202987671,
            -14.321859359741211
        ]
    ],
    "end_table.n.01": [
        [
            -9.64020824432373,
            1.1727375984191895,
            -13.22723388671875
        ]
    ],
    "wall_mirror.n.01": [
        [
            -3.373650074005127,
            0.7158384323120117,
            -14.738411903381348
        ],
        [
            -13.72543716430664,
            0.9518566131591797,
            -9.39893913269043
        ]
    ],
    "swing_chair.n.01": [
        [
            -0.3701627254486084,
            0.695088267326355,
            -12.795676231384277
        ]
    ],
    "coffee_table.n.01": [
        [
            -13.641180038452148,
            0.830152153968811,
            -9.666060447692871
        ]
    ],
    "table_lamp.n.01": [
        [
            -1.2193890810012817,
            0.7727376222610474,
            -4.5362958908081055
        ],
        [
            -0.9635558128356934,
            0.7351106405258179,
            -5.70871114730835
        ],
        [
            -3.400256872177124,
            0.7065432667732239,
            -15.366744041442871
        ],
        [
            -3.367370128631592,
            0.7200250625610352,
            -14.287871360778809
        ]
    ],
    "pendant_lamp.n.01": [
        [
            -4.653413772583008,
            0.7540478110313416,
            -15.096574783325195
        ]
    ],
    "bowl.n.01": [
        [
            -13.725152969360352,
            0.9278498888015747,
            -9.477791786193848
        ]
    ],
    "candle.n.01,candlestick.n.01": [
        [
            -13.726919174194336,
            0.8849165439605713,
            -9.31230354309082
        ]
    ],
    "picture_frame.n.01": [
        [
            -13.65988540649414,
            0.6265848875045776,
            -10.368515968322754
        ]
    ],
    "l-shaped_couch.n.01": [
        [
            -10.706890106201172,
            1.1914840936660767,
            -15.831043243408203
        ]
    ],
    "wardrobe.n.01": [
        [
            -3.2946698665618896,
            0.7684919834136963,
            -15.293044090270996
        ]
    ],
    "curtain.n.01": [
        [
            -11.4119234085083,
            1.3475220203399658,
            -15.939688682556152
        ],
        [
            -9.646693229675293,
            1.1727375984191895,
            -13.656532287597656
        ]
    ],
    "wall_shelf.n.01": [
        [
            -3.383660316467285,
            0.6564770340919495,
            -14.223164558410645
        ],
        [
            -9.664069175720215,
            1.167667269706726,
            -13.238883018493652
        ],
        [
            -9.67634105682373,
            1.1702107191085815,
            -13.255605697631836
        ]
    ],
    "bed.n.01": [
        [
            -4.002253532409668,
            0.6306684613227844,
            -15.06203556060791
        ],
        [
            -1.5060811042785645,
            0.7431240081787109,
            -5.616301536560059
        ]
    ],
    "window.n.01": [
        [
            -11.468236923217773,
            1.3587541580200195,
            -15.946921348571777
        ],
        [
            -9.69008731842041,
            1.1727375984191895,
            -13.554891586303711
        ],
        [
            -0.9124369621276855,
            0.7606700658798218,
            -5.678524494171143
        ],
        [
            -1.1702148914337158,
            0.7274885773658752,
            -4.497854709625244
        ]
    ]
}