{
    "fireplace.n.01": [
        [
            -7.304725170135498,
            0.6329479813575745,
            -2.741786479949951
        ]
    ],
    "clothing_rack.n.01": [
        [
            -0.5752808451652527,
            0.08283395320177078,
            -3.1209793090820312
        ],
        [
            0.9083821773529053,
            0.08283395320177078,
            -7.534183502197266
        ],
        [
            -10.349573135375977,
            0.08283395320177078,
            -8.806445121765137
        ]
    ],
    "armoire.n.01": [
        [
            -1.368611454963684,
            0.08283395320177078,
            -9.317497253417969
        ],
        [
            1.269320011138916,
            0.08283395320177078,
            -9.502752304077148
        ],
        [
            -0.43669384717941284,
            0.08283395320177078,
            -9.377500534057617
        ],
        [
            -0.8485385775566101,
            0.08283395320177078,
            -9.895849227905273
        ]
    ],
    "wardrobe.n.01": [
        [
            -4.727593898773193,
            0.08283395320177078,
            -7.75565767288208
        ]
    ],
    "rug.n.01": [
        [
            -13.717777252197266,
            0.48886236548423767,
            -3.0540337562561035
        ]
    ],
    "shoe_rack.n.01": [
        [
            -3.219158172607422,
            0.08283395320177078,
            -3.8170580863952637
        ]
    ],
    "kitchen_cabinet.n.02": [
        [
            -2.3894786834716797,
            0.08283395320177078,
            -3.071141242980957
        ],
        [
            -5.544437408447266,
            0.08283395320177078,
            -2.840888738632202
        ]
    ],
    "kitchen_island.n.01": [
        [
            1.5625250339508057,
            0.08283395320177078,
            -8.921775817871094
        ],
        [
            -4.0033159255981445,
            1.082834005355835,
            -2.9722394943237305
        ]
    ],
    "wall_sign.n.01": [
        [
            -1.0790283679962158,
            0.46973752975463867,
            -4.2840752601623535
        ],
        [
            -1.059267282485962,
            0.4567982256412506,
            -4.510957717895508
        ]
    ],
    "potted_plant.n.01": [
        [
            -7.197662353515625,
            0.08283395320177078,
            -1.4347327947616577
        ],
        [
            -14.963885307312012,
            0.08283395320177078,
            -5.955942630767822
        ]
    ],
    "balcony.n.02": [
        [
            -9.043099403381348,
            0.3540846109390259,
            -0.028563220214055662
        ]
    ],
    "sink.n.01": [
        [
            0.2921522855758667,
            0.08283395320177078,
            -4.438660621643066
        ]
    ],
    "toiletry.n.01": [
        [
            2.8389289379119873,
            0.08283395320177078,
            -5.350224018096924
        ],
        [
            2.8454484939575195,
            0.08283395320177078,
            -5.1309614181518555
        ]
    ],
    "elevator.n.01": [
        [
            -14.633938789367676,
            0.3540846109390259,
            -11.714259403094047
        ]
    ],
    "wall_mirror.n.01": [
        [
            2.8396711349487305,
            0.08283395320177078,
            -6.152583122253418
        ]
    ],
    "table_mirror.n.01": [
        [
            2.723618268966675,
            0.08283395320177078,
            -3.5887022018432617
        ]
    ],
    "dining_area.n.01": [
        [
            -8.632622717990008,
            0.3540846109390259,
            -1.7308841282883403
        ],
        [
            -9.169566980027,
            0.3540846109390259,
            -2.387880043596833
        ],
        [
            -9.169567168362043,
            0.3540846109390259,
            -3.2976179319046386
        ],
        [
            -8.902324676513672,
            0.08283395320177078,
            -4.616371154785156
        ],
        [
            -8.076471894489258,
            0.3540846109390259,
            -3.3554054655262107
        ],
        [
            -8.076471840264647,
            0.3540846109390259,
            -2.4456675734931075
        ],
        [
            -8.597434997558594,
            0.8828339576721191,
            -2.736926555633545
        ]
    ],
    "swivel_chair.n.01": [
        [
            -11.603659629821777,
            0.08283395320177078,
            -9.464577674865723
        ]
    ],
    "desk.n.01": [
        [
            -12.967195510864258,
            0.08283395320177078,
            -8.521751403808594
        ],
        [
            -11.710844993591309,
            0.08283395320177078,
            -9.683820724487305
        ],
        [
            2.6636574268341064,
            0.08283395320177078,
            -3.529444694519043
        ],
        [
            2.6140851974487305,
            0.08283395320177078,
            -7.724222183227539
        ]
    ],
    "chest_of_drawers.n.01": [
        [
            0.29990801215171814,
            0.08283395320177078,
            -2.5463931560516357
        ]
    ],
    "stairway.n.01,stairs.n.01": [
        [
            2.1656031608581543,
            0.9271266460418701,
            -11.992454528808594
        ]
    ],
    "printer.n.03": [
        [
            -12.96102523803711,
            0.08283395320177078,
            -9.163655281066895
        ]
    ],
    "washer.n.03": [
        [
            0.10882006585597992,
            0.08283395320177078,
            -3.7197089195251465
        ],
        [
            0.11526913195848465,
            0.08283395320177078,
            -3.1600453853607178
        ]
    ],
    "television_receiver.n.01": [
        [
            -10.790555953979492,
            0.08283395320177078,
            -1.920546293258667
        ]
    ],
    "cabinet.n.01": [
        [
            -10.373671531677246,
            0.08283395320177078,
            -9.620598793029785
        ],
        [
            -10.39021110534668,
            0.08283395320177078,
            -10.149499893188477
        ],
        [
            -10.383675575256348,
            0.08283395320177078,
            -10.355040550231934
        ],
        [
            -15.601201057434082,
            0.08283395320177078,
            -10.064274787902832
        ],
        [
            -0.05620446801185608,
            0.08283395320177078,
            -1.3272876739501953
        ]
    ],
    "pool_table.n.01": [
        [
            -11.321211814880371,
            0.08283395320177078,
            -1.7360174655914307
        ]
    ],
    "wall_art.n.01": [
        [
            -9.366066932678223,
            0.08283395320177078,
            -9.018402099609375
        ],
        [
            -6.81984281539917,
            0.08283395320177078,
            -1.704004168510437
        ],
        [
            -9.37389087677002,
            0.08283395320177078,
            -8.074094772338867
        ],
        [
            -4.073221206665039,
            0.08283395320177078,
            -9.584304809570312
        ]
    ],
    "trunk.n.02": [
        [
            3.6262948513031006,
            0.3540846109390259,
            -9.69965972306369
        ]
    ],
    "bathtub.n.01": [
        [
            2.851633071899414,
            0.08283395320177078,
            -5.928347587585449
        ]
    ],
    "bed.n.01": [
        [
            2.2912182807922363,
            1.0781162977218628,
            -1.696836233139038
        ],
        [
            -5.755748748779297,
            1.082834005355835,
            -9.315949440002441
        ]
    ],