{
    "wall_lamp.n.01": [
        [
            -19.453475952148438,
            0.12783068418502808,
            -5.8279266357421875
        ],
        [
            -19.456134796142578,
            0.12783068418502808,
            -6.947012424468994
        ],
        [
            -16.27153968811035,
            0.3278306722640991,
            -3.1157445907592773
        ]
    ],
    "potted_plant.n.01": [
        [
            -16.64577293395996,
            0.12783068418502808,
            -0.28046441078186035
        ],
        [
            -18.73979949951172,
            0.12783068418502808,
            -7.307798862457275
        ],
        [
            -13.695979118347168,
            0.12783068418502808,
            0.39232081174850464
        ],
        [
            -16.661836624145508,
            0.12783068418502808,
            -9.632625579833984
        ],
        [
            -19.45334243774414,
            0.12783068418502808,
            -5.395952224731445
        ],
        [
            -16.120054244995117,
            0.12783068418502808,
            -9.667213439941406
        ],
        [
            -14.233489990234375,
            0.12783068418502808,
            -3.410822868347168
        ],
        [
            -13.81008529663086,
            0.12783068418502808,
            -7.302092552185059
        ],
        [
            -17.713390350341797,
            0.12783068418502808,
            -4.584251403808594
        ],
        [
            -14.485699653625488,
            0.12783068418502808,
            -6.695079388391983
        ],
        [
            -15.342961311340332,
            0.14945295453071594,
            -4.946446895599365
        ],
        [
            -14.065320014953613,
            0.9271605610847473,
            -9.284475326538086
        ],
        [
            -17.356962203979492,
            0.12783068418502808,
            -9.5228910446167
        ],
        [
            -16.2493839263916,
            0.3278306722640991,
            -3.1294350624084473
        ],
        [
            -16.656400680541992,
            0.12783068418502808,
            -0.3245586156845093
        ],
        [
            -16.241880416870117,
            0.3278306722640991,
            -3.1366004943847656
        ],
        [
            -17.74263572692871,
            0.12783068418502808,
            -8.717673301696777
        ],
        [
            -19.311466217041016,
            0.12783068418502808,
            -7.704925537109375
        ],
        [
            -15.875214576721191,
            0.18296292424201965,
            -2.2757601737976074
        ]
    ],
    "hamper.n.02": [
        [
            -15.331252098083496,
            0.12783068418502808,
            -0.33945244550704956
        ],
        [
            -15.954824447631836,
            0.12783068418502808,
            -0.34774544835090637
        ]
    ],
    "swivel_chair.n.01": [
        [
            -16.420223236083984,
            0.12783068418502808,
            -4.1054229736328125
        ]
    ],
    "table_lamp.n.01": [
        [
            -15.94541072845459,
            0.7390912771224976,
            2.438546895980835
        ],
        [
            -13.418098449707031,
            0.12783068418502808,
            -3.949549674987793
        ],
        [
            -13.751907348632812,
            0.12783068418502808,
            2.1000783443450928
        ],
        [
            -17.762107849121094,
            0.12783068418502808,
            -8.890052795410156
        ],
        [
            -15.674839973449707,
            0.12783068418502808,
            -5.284719628529552
        ]
    ],
    "armoire.n.01": [
        [
            -14.35806655883789,
            0.12783068418502808,
            -4.007517337799072
        ]
    ],
    "refrigerator.n.01": [
        [
            -19.3171443939209,
            0.12783068418502808,
            -7.637332916259766
        ]
    ],
    "book.n.02": [
        [
            -13.761911392211914,
            0.12783068418502808,
            2.017523765563965
        ],
        [
            -14.536660194396973,
            0.12783068418502808,
            -6.254649727143638
        ],
        [
            -15.675405502319336,
            0.12783068418502808,
            -3.687434196472168
        ],
        [
            -15.303810119628906,
            0.1889786422252655,
            -2.3756821155548096
        ]
    ],
    "bulletin_board.n.02": [
        [
            -13.738283157348633,
            0.12783068418502808,
            1.3895721435546875
        ]
    ],
    "clothing_rack.n.01": [
        [
            -13.761236190795898,
            0.12783068418502808,
            2.0592544078826904
        ]
    ],
    "showerhead.n.01": [
        [
            -16.570913314819336,
            0.12783068418502808,
            -0.3549569845199585
        ]
    ],
    "kitchen_cabinet.n.02": [
        [
            -18.88766098022461,
            0.12783068418502808,
            -5.367539882659912
        ],
        [
            -19.452505111694336,
            0.12783068418502808,
            -5.5544633865356445
        ],
        [
            -19.444713592529297,
            0.12783068418502808,
            -6.905664443969727
        ],
        [
            -19.228900909423828,
            0.12783068418502808,
            -5.372046947479248
        ],
        [
            -17.821155548095703,
            0.12783068418502808,
            -4.806156158447266
        ],
        [
            -19.396608352661133,
            0.12783068418502808,
            -5.341167449951172
        ]
    ],
    "balcony.n.02": [
        [
            -16.676189422607422,
            0.12783068418502808,
            -9.355189719486816
        ]
    ],
    "coffee_table.n.01": [
        [
            -15.971678733825684,
            0.24012167751789093,
            -8.864986419677734
        ],
        [
            -14.456570625305176,
            0.12783068418502808,
            -6.51522311477521
        ]
    ],
    "sink_cabinet.n.01": [
        [
            -19.466556549072266,
            0.12783068418502808,
            -6.24866247177124
        ]
    ],
    "kitchen_island.n.01": [
        [
            -19.38155174255371,
            0.12783068418502808,
            -6.388336181640625
        ]
    ],
    "rug.n.01": [
        [
            -16.750734329223633,
            0.12783068418502808,
            -6.422701835632324
        ],
        [
            -14.973817825317383,
            0.8133149743080139,
            -8.954439163208008
        ],
        [
            -14.550060272216797,
            0.12783068418502808,
            -6.513599483156212
        ],
        [
            -15.369956970214844,
            0.22766530513763428,
            -5.008368968963623
        ],
        [
            -15.120519638061523,
            0.12783068418502808,
            0.33113616704940796
        ]
    ],
    "table.n.02": [
        [
            -14.153797149658203,
            0.8403515219688416,
            -8.9699125289917
        ]
    ],
    "seat_cushion.n.01": [
        [
            -14.169711112976074,
            0.12783068418502808,
            -5.255819484244597
        ]
    ],
    "chair.n.01": [
        [
            -15.858015060424805,
            0.37314772605895996,
            -9.89988899230957
        ],
        [
            -16.710376739501953,
            0.12783068418502808,
            -6.071758270263672
        ],
        [
            -18.192516326904297,
            0.12783068418502808,
            -7.124176025390625
        ]
    ],
    "pet_bed.n.01": [
        [
            -16.161550521850586,
            0.12783068418502808,
            -3.1371298350614296
        ]
    ],
    "television_receiver.n.01": [
        [
            -13.610113143920898,
            0.12783068418502808,
            -5.608273983001709
        ]
    ],