{
    "table_lamp.n.01": [
        [
            -6.68712043762207,
            0.17658868432044983,
            -3.7640490531921387
        ],
        [
            -7.188218116760254,
            0.17658868432044983,
            -6.941521167755127
        ],
        [
            -13.4146089553833,
            0.30720987915992737,
            -8.034342765808105
        ],
        [
            -5.755210876464844,
            0.42412012815475464,
            -6.894981384277344
        ],
        [
            -3.2909910678863525,
            0.17658868432044983,
            -5.308252334594727
        ],
        [
            -5.602519989013672,
            0.17658868432044983,
            -0.46351027488708496
        ],
        [
            -12.555587768554688,
            0.2798832952976227,
            -7.348078727722168
        ]
    ],
    "place_mat.n.01": [
        [
            -8.9530668258667,
            0.17658868432044983,
            -3.004687786102295
        ],
        [
            -10.410048484802246,
            0.17658868432044983,
            -2.7927355766296387
        ]
    ],
    "refrigerator.n.01": [
        [
            -11.017923355102539,
            0.17658868432044983,
            -1.0837090015411377
        ]
    ],
    "nightstand.n.01": [
        [
            -12.572690963745117,
            0.28056955337524414,
            -7.3486008644104
        ],
        [
            -5.773210048675537,
            0.17658868432044983,
            -6.815069746072879
        ],
        [
            -7.1897969245910645,
            0.17658868432044983,
            -6.961895942687988
        ],
        [
            -6.741049289703369,
            0.17658868432044983,
            -3.779855728149414
        ]
    ],
    "wall_art.n.01": [
        [
            -5.722819805145264,
            0.7940618395805359,
            -5.842325210571289
        ],
        [
            -4.400344371795654,
            0.17658868432044983,
            -2.653999090194702
        ],
        [
            -12.17268180847168,
            0.8306565880775452,
            -5.583730220794678
        ],
        [
            -12.478479385375977,
            0.17658868432044983,
            -3.107236862182617
        ],
        [
            -5.777885913848877,
            0.17658868432044983,
            -5.033533096313477
        ],
        [
            -14.382389068603516,
            0.19040904939174652,
            -6.686003684997559
        ],
        [
            -12.172895431518555,
            0.823923647403717,
            -6.805023193359375
        ],
        [
            -12.04613971710205,
            0.17658868432044983,
            -4.128673076629639
        ]
    ],
    "china_cabinet.n.01": [
        [
            -5.545825958251953,
            0.17658868432044983,
            -0.4542542099952698
        ],
        [
            -10.820318222045898,
            0.3262598216533661,
            -5.376524448394775
        ]
    ],
    "toilet.n.02": [
        [
            -0.487820029258728,
            0.17658868432044983,
            -7.33118395023439
        ],
        [
            -13.287514686584473,
            0.2246767282485962,
            -1.9866628646850586
        ]
    ],
    "potted_plant.n.01": [
        [
            -5.7466325759887695,
            0.17658868432044983,
            -9.231976509094238
        ],
        [
            -1.5328552722930908,
            0.17658868432044983,
            -8.930875778198242
        ],
        [
            -13.565289497375488,
            0.36676013469696045,
            -8.009937286376953
        ],
        [
            -8.716720581054688,
            0.17658868432044983,
            -1.1380200386047363
        ],
        [
            -14.938335418701172,
            0.17658868432044983,
            -7.113438606262207
        ],
        [
            -4.581721305847168,
            0.17658868432044983,
            -8.827817916870117
        ],
        [
            -6.8277058601379395,
            0.17658868432044983,
            -2.369170904159546
        ],
        [
            -4.033694744110107,
            0.17658868432044983,
            -0.2984253764152527
        ],
        [
            -11.381099700927734,
            0.17658868432044983,
            -8.390019416809082
        ],
        [
            -1.2961692810058594,
            0.17658868432044983,
            -9.393655776977539
        ],
        [
            -10.363394737243652,
            0.36735960841178894,
            -8.06347942352295
        ],
        [
            -10.76397705078125,
            0.17658868432044983,
            -3.781245708465576
        ]
    ],
    "buffet.n.01": [
        [
            -12.390615463256836,
            0.17658868432044983,
            -0.7966306209564209
        ],
        [
            -4.042079925537109,
            0.17658868432044983,
            -0.31866639852523804
        ],
        [
            -1.8358232975006104,
            0.17658868432044983,
            -7.221977710723877
        ]
    ],
    "throw_pillow.n.01": [
        [
            -8.022339820861816,
            0.6662206649780273,
            -4.209656238555908
        ],
        [
            -6.935194492340088,
            0.5781388282775879,
            -6.300156116485596
        ],
        [
            -7.024825096130371,
            0.4984675645828247,
            -4.845657825469971
        ],
        [
            -12.666914939880371,
            0.5047791004180908,
            -6.983442306518555
        ],
        [
            -12.479774475097656,
            0.8362108469009399,
            -5.966525077819824
        ],
        [
            -14.230053901672363,
            0.5765886902809143,
            -7.992487907409668
        ],
        [
            -6.9956440925598145,
            0.5244061946868896,
            -5.621942520141602
        ],
        [
            -12.648233413696289,
            0.7670665979385376,
            -6.747610092163086
        ]
    ],
    "desk.n.01": [
        [
            -14.38732624053955,
            0.18526074290275574,
            -6.669291973114014
        ],
        [
            -3.2976245880126953,
            0.17658868432044983,
            -5.074817657470703
        ]
    ],
    "bed.n.01": [
        [
            -5.05610990524292,
            0.17658868432044983,
            -5.860139020673074
        ],
        [
            -12.795047760009766,
            0.8562729358673096,
            -6.154661178588867
        ]
    ],
    "end_table.n.01": [
        [
            -12.539909362792969,
            0.17658868432044983,
            -4.989836692810059
        ],
        [
            -9.017688751220703,
            0.4447789490222931,
            -3.833857297897339
        ],
        [
            -2.7415196895599365,
            0.17658868432044983,
            -8.624999485909939
        ]
    ],
    "hanging_cabinet.n.01": [
        [
            -10.051426887512207,
            0.17658868432044983,
            -0.5955740213394165
        ],
        [
            -9.68578815460205,
            0.17658868432044983,
            -0.6579596400260925
        ],
        [
            -8.691717147827148,
            0.17658868432044983,
            -0.6200309991836548
        ],
        [
            -7.410400390625,
            0.17658868432044983,
            -0.6366833448410034
        ],
        [
            -6.892633438110352,
            0.17658868432044983,
            -0.6517440676689148
        ]
    ],