{
    "floor_lamp.n.01": [
        [
            -5.931912422180176,
            0.0721619576215744,
            -1.40366792678833
        ]
    ],
    "throw_pillow.n.01": [
        [
            -5.972784996032715,
            0.5138942003250122,
            -5.774299144744873
        ],
        [
            -6.550906181335449,
            0.46459946036338806,
            -2.6344895362854004
        ],
        [
            -6.491456985473633,
            0.47003108263015747,
            -2.3181374073028564
        ],
        [
            -5.271388053894043,
            0.5548781752586365,
            -5.694091320037842
        ]
    ],
    "kettle.n.01": [
        [
            -10.474074363708496,
            0.07003110647201538,
            -4.522359371185303
        ]
    ],
    "bowl.n.01": [
        [
            -9.35727310180664,
            0.07003110647201538,
            -3.5453124046325684
        ],
        [
            -8.958559036254883,
            0.07003110647201538,
            -4.11819314956665
        ]
    ],
    "wall_shelf.n.01": [
        [
            -13.357909202575684,
            0.16772538423538208,
            -3.761911153793335
        ],
        [
            -14.486433982849121,
            0.07003110647201538,
            -4.639930725097656
        ]
    ],
    "showerhead.n.01": [
        [
            -11.27552318572998,
            0.07003110647201538,
            -3.5564441680908203
        ],
        [
            -11.269323348999023,
            0.07003110647201538,
            -2.5829920768737793
        ]
    ],
    "pendant_lamp.n.01": [
        [
            -16.55764389038086,
            0.6589513421058655,
            -5.8895368576049805
        ],
        [
            -5.963303089141846,
            0.07003110647201538,
            -3.9739597432416787
        ],
        [
            -11.418160438537598,
            0.07003110647201538,
            -1.5593797819065998
        ]
    ],
    "console_table.n.01": [
        [
            -16.53765106201172,
            0.07003110647201538,
            -1.7380601167678833
        ]
    ],
    "toilet.n.02": [
        [
            -14.212982177734375,
            0.07003110647201538,
            -2.6957170963287354
        ],
        [
            -13.494207382202148,
            0.23653779923915863,
            -3.7532148361206055
        ]
    ],
    "end_table.n.01": [
        [
            -5.79331111907959,
            0.15238171815872192,
            -1.7499232292175293
        ],
        [
            -17.688278198242188,
            0.4337365925312042,
            -2.063626289367676
        ],
        [
            -5.8226399421691895,
            0.07003110647201538,
            -4.156499614924201
        ],
        [
            -6.4515299797058105,
            0.07003110647201538,
            -5.195379901207673
        ]
    ],
    "vase.n.01": [
        [
            -4.946847915649414,
            0.7614354491233826,
            -1.7812385559082031
        ],
        [
            -4.90352725982666,
            0.8419848084449768,
            -1.6560784578323364
        ]
    ],
    "wall_art.n.01": [
        [
            -16.845457077026367,
            0.6711899042129517,
            -3.291079044342041
        ],
        [
            -11.037238121032715,
            0.07003110647201538,
            -1.841964602470398
        ],
        [
            -14.43943977355957,
            0.07003110647201538,
            -3.7502570152282715
        ],
        [
            -15.075117111206055,
            0.07003110647201538,
            -2.5115864276885986
        ],
        [
            -5.629531383514404,
            0.3759172856807709,
            -1.3300540447235107
        ],
        [
            -16.590953826904297,
            0.672153651714325,
            -3.2869858741760254
        ],
        [
            -12.174518585205078,
            0.07003110647201538,
            -1.8139091730117798
        ]
    ],
    "potted_plant.n.01": [
        [
            -5.595600128173828,
            0.07003110647201538,
            -6.689936637878418
        ],
        [
            -9.080253601074219,
            0.07003110647201538,
            -5.496320724487305
        ],
        [
            -9.352313041687012,
            0.07003110647201538,
            -4.993720531463623
        ],
        [
            -7.782286167144775,
            0.07003110647201538,
            -1.3397302627563477
        ],
        [
            -8.7607421875,
            0.07003110647201538,
            -2.2974584102630615
        ]
    ],
    "rug.n.01": [
        [
            -16.230905532836914,
            0.5069876909255981,
            -5.913035869598389
        ],
        [
            -13.045055389404297,
            0.07003110647201538,
            -4.906438058230975
        ],
        [
            -5.595839977264404,
            0.07003110647201538,
            -3.1663198967981288
        ],
        [
            -5.521059989929199,
            0.07003110647201538,
            -4.858109661453369
        ],
        [
            -9.888230323791504,
            0.07003110647201538,
            -4.0777499629408
        ],
        [
            -11.579970359802246,
            0.07003110647201538,
            -1.5362998523533378
        ],
        [
            -6.246699810028076,
            0.07003110647201538,
            -3.915859704264406
        ],
        [
            -16.537410736083984,
            0.07003110647201538,
            -1.8805798363339932
        ]
    ],
    "mat.n.01": [
        [
            -12.062588691711426,
            0.07003110647201538,
            -3.6827197264003786
        ],
        [
            -12.110340118408203,
            0.07003110647201538,
            -2.695410090958461
        ]
    ],
    "swivel_chair.n.01": [
        [
            -5.29203462600708,
            0.5264536142349243,
            -2.0717480182647705
        ]
    ],
    "television_receiver.n.01": [
        [
            -4.770910739898682,
            0.08048222213983536,
            -2.4077084064483643
        ]
    ],
    "towel_rack.n.01,towel.n.01": [
        [
            -13.202518463134766,
            0.09651684015989304,
            -3.769885540008545
        ]
    ],
    "fireplace.n.01": [
        [
            -4.738104820251465,
            0.08933253586292267,
            -3.927034616470337
        ]
    ],
    "washbasin.n.02": [
        [
            -13.243743896484375,
            0.07003110647201538,
            -2.5476572513580322
        ]
    ],
    "table_lamp.n.01": [
        [
            -17.740150451660156,
            0.07003110647201538,
            -4.492940425872803
        ],
        [
            -15.92884635925293,
            0.07003110647201538,
            -1.3296592235565186
        ],
        [
            -15.211872100830078,
            0.07003110647201538,
            -4.504380702972412
        ]
    ],
    "kitchen_cabinet.n.02": [
        [
            -4.728259563446045,
            0.07948727160692215,
            -5.278140544891357
        ],
        [
            -4.767806529998779,
            0.11903427541255951,
            -5.425754070281982
        ],
        [
            -4.733428955078125,
            0.08465667068958282,
            -2.511172294616699
        ],
        [
            -4.7338762283325195,
            0.0737607553601265,
            -2.3330469131469727
        ]
    ],
    "towel.n.01": [
        [
            -12.723489761352539,
            0.07003110647201538,
            -2.76114559173584
        ],
        [
            -12.45447826385498,
            0.07003110647201538,
            -3.517500400543213
        ]
    ],