{
    "bed.n.01": [
        [
            -10.601546287536621,
            0.6683980226516724,
            -1.1949729919433594
        ]
    ],
    "rug.n.01": [
        [
            -10.356769561767578,
            0.15372128784656525,
            -2.124739758685834
        ],
        [
            -8.955421447753906,
            0.15372128784656525,
            -3.9803688526153564
        ],
        [
            -6.958108901977539,
            0.5530810952186584,
            -2.2581164836883545
        ],
        [
            -3.4773900508880615,
            0.15372128784656525,
            -2.683379728592641
        ],
        [
            -11.371134757995605,
            0.15372128784656525,
            -4.2925345723310215
        ]
    ],
    "showerhead.n.01": [
        [
            -12.51156997680664,
            0.15372128784656525,
            -2.899838924407959
        ]
    ],
    "toilet.n.02": [
        [
            -12.111300468444824,
            0.29671645164489746,
            -3.801647186279297
        ]
    ],
    "bench.n.01": [
        [
            -8.038249969482422,
            0.3714347183704376,
            -4.127579689025879
        ],
        [
            -5.5325541496276855,
            0.4155086874961853,
            -2.339705467224121
        ],
        [
            -7.033822536468506,
            0.5026053786277771,
            -2.2552645206451416
        ]
    ],
    "dining_table.n.01": [
        [
            -5.76192569732666,
            0.6159335970878601,
            -2.3418893814086914
        ]
    ],
    "wall_lamp.n.01": [
        [
            -5.274433135986328,
            0.15372128784656525,
            -5.0948944091796875
        ],
        [
            -7.01938009262085,
            0.15372128784656525,
            -5.10947322845459
        ],
        [
            -7.582524299621582,
            0.15372128784656525,
            0.3486987352371216
        ],
        [
            -4.964190483093262,
            0.15372128784656525,
            0.3589215874671936
        ],
        [
            -2.60198712348938,
            0.15372128784656525,
            0.34919872879981995
        ],
        [
            -1.8462575674057007,
            0.15372128784656525,
            -2.2689313888549805
        ]
    ],
    "basket.n.01": [
        [
            -3.717714548110962,
            0.15372128784656525,
            -4.069255828857422
        ],
        [
            -3.3174989223480225,
            0.15372128784656525,
            -4.142916679382324
        ]
    ],
    "mat.n.01": [
        [
            -12.691780090332031,
            0.15372128784656525,
            -2.998009741424923
        ]
    ],
    "ashcan.n.01": [
        [
            -10.582734107971191,
            0.15372128784656525,
            -3.980043888092041
        ]
    ],
    "potted_plant.n.01": [
        [
            -11.499469757080078,
            0.47147637605667114,
            -2.6129493713378906
        ],
        [
            -4.001906394958496,
            0.15372128784656525,
            -4.139100551605225
        ],
        [
            -5.782818794250488,
            0.7406023144721985,
            -1.8505913019180298
        ]
    ],
    "bathtub.n.01": [
        [
            -12.854610443115234,
            0.15372128784656525,
            -3.4994168281555176
        ]
    ],
    "kitchen_cabinet.n.02": [
        [
            -7.55356502532959,
            0.15690696239471436,
            -1.9203263521194458
        ]
    ],
    "wall_decor.n.01": [
        [
            -5.318161964416504,
            0.15372128784656525,
            -4.463093280792236
        ],
        [
            -5.00438928604126,
            0.15372128784656525,
            -5.110052108764648
        ]
    ],
    "wardrobe.n.01": [
        [
            -11.567106246948242,
            0.3201158046722412,
            -0.9486834406852722
        ],
        [
            -8.938101768493652,
            0.20803317427635193,
            -0.967054545879364
        ]
    ],
    "bookcase.n.01": [
        [
            -2.2582671642303467,
            0.15372128784656525,
            0.3091543912887573
        ]
    ],
    "sculpture.n.01": [
        [
            -1.7447339296340942,
            0.17585188150405884,
            -0.7056575417518616
        ],
        [
            -3.0153820514678955,
            0.15372128784656525,
            -0.24815264344215393
        ],
        [
            -4.593732833862305,
            0.15372128784656525,
            -5.118620872497559
        ]
    ],
    "wall_art.n.01": [
        [
            -0.9870971441268921,
            0.15372128784656525,
            -2.896303415298462
        ],
        [
            -8.849749565124512,
            0.1579570770263672,
            -1.549527645111084
        ],
        [
            -8.143698692321777,
            0.15372128784656525,
            -5.110505104064941
        ]
    ],
    "candlestick.n.01": [
        [
            -3.130335807800293,
            0.15372128784656525,
            -4.144031047821045
        ],
        [
            -3.949475049972534,
            0.15372128784656525,
            -4.1355085372924805
        ],
        [
            -3.857870101928711,
            0.15372128784656525,
            -4.135504722595215
        ]
    ],
    "console_table.n.01": [
        [
            -3.3400254249572754,
            0.15372128784656525,
            -4.089776992797852
        ]
    ],
    "daybed.n.01": [
        [
            -3.426730155944824,
            0.15372128784656525,
            -1.76795984637976
        ],
        [
            -3.426730155944824,
            0.15372128784656525,
            -2.611260020061721
        ]
    ],
    "carafe.n.01": [
        [
            -6.979787826538086,
            0.5386284589767456,
            -2.1558310985565186
        ]
    ],
    "chair.n.01": [
        [
            -2.582554817199707,
            0.1587224006652832,
            -1.123774766921997
        ]
    ],
    "stool.n.01": [
        [
            -12.809179306030273,
            0.15372128784656525,
            -4.436679575641165
        ]
    ],
    "pendant_lamp.n.01": [
        [
            -11.39111042022705,
            0.15372128784656525,
            -4.215599571568376
        ],
        [
            -2.4907798767089844,
            0.5537213087081909,
            -3.994185447692871
        ],
        [
            -6.8795623779296875,
            0.6778591871261597,
            -2.0275051593780518
        ],
        [
            -10.320457458496094,
            0.5967316627502441,
            -1.7794227600097656
        ]
    ],
    "car.n.01": [
        [
            1.1045135259628296,
            0.15372128784656525,
            -7.751307964324951
        ]
    ],
    "medicine_chest.n.01": [
        [
            -11.108120918273926,
            0.35461515188217163,
            -2.823312759399414
        ]
    ],
    "wall_shelf.n.01": [
        [
            -14.367828369140625,
            0.15372128784656525,
            -3.614485502243042
        ],
        [
            -10.630470275878906,
            0.28737199306488037,
            -2.8410634994506836
        ]
    ],
    "candlestick.n.01,candle.n.01": [
        [
            -11.203686714172363,
            0.3995203375816345,
            -2.831745147705078
        ]
    ],