{
    "television_receiver.n.01": [
        [
            -4.760401725769043,
            0.17253214120864868,
            -9.91421127319336
        ],
        [
            -6.788650989532471,
            0.17253214120864868,
            -3.743990421295166
        ],
        [
            -2.750520706176758,
            0.17253214120864868,
            -8.017716407775879
        ],
        [
            -3.94903826713562,
            0.17253214120864868,
            -9.407282829284668
        ]
    ],
    "wall_hook_rack.n.01": [
        [
            -7.835297584533691,
            0.17253214120864868,
            -7.123357772827148
        ]
    ],
    "guitar.n.01": [
        [
            -1.5082272291183472,
            0.20323780179023743,
            -8.515504837036133
        ],
        [
            -1.2865211963653564,
            0.7587986588478088,
            -8.264435768127441
        ],
        [
            -1.2992115020751953,
            0.7249580025672913,
            -8.265955924987793
        ]
    ],
    "dvd_player.n.01": [
        [
            -6.776154041290283,
            0.17253214120864868,
            -3.278921365737915
        ]
    ],
    "piano.n.01": [
        [
            -1.4005656242370605,
            0.4546813666820526,
            -8.319717407226562
        ]
    ],
    "showerhead.n.01": [
        [
            -3.640624761581421,
            0.9725321531295776,
            -2.246574640274048
        ]
    ],
    "wall_art.n.01": [
        [
            -3.8979692459106445,
            0.17253214120864868,
            -9.30156135559082
        ],
        [
            -3.670102596282959,
            0.8692489862442017,
            -3.728991985321045
        ],
        [
            -3.636540412902832,
            0.9587483406066895,
            -4.390336990356445
        ],
        [
            -9.662034034729004,
            0.17253214120864868,
            -5.753772258758545
        ],
        [
            -1.283659815788269,
            0.17253214120864868,
            -6.334423065185547
        ],
        [
            -3.6437251567840576,
            0.9395889639854431,
            -4.762422561645508
        ],
        [
            -3.637136936187744,
            0.9725321531295776,
            -2.4936654567718506
        ]
    ],
    "throw.n.04": [
        [
            -4.5828399658203125,
            0.7725321650505066,
            -2.5556998845517604
        ]
    ],
    "hall_tree.n.01": [
        [
            -9.779799461364746,
            0.17253214120864868,
            -3.1501078605651855
        ]
    ],
    "desk.n.01": [
        [
            -1.9524750709533691,
            0.17253214120864868,
            -8.463667869567871
        ],
        [
            -4.765360355377197,
            0.17253214120864868,
            -9.922179222106934
        ]
    ],
    "bar_stool.n.01,chair.n.01": [
        [
            -10.09052848815918,
            0.17253214120864868,
            -9.127120018005371
        ],
        [
            -9.251765251159668,
            0.17253214120864868,
            -9.151966094970703
        ]
    ],
    "window_curtain.n.01": [
        [
            -6.053590297698975,
            0.17253214120864868,
            -2.369661808013916
        ],
        [
            -6.597808837890625,
            0.7725321650505066,
            -10.104532241821289
        ],
        [
            -1.7044765949249268,
            0.17253214120864868,
            -4.902634143829346
        ]
    ],
    "wall_mirror.n.01": [
        [
            -4.948446273803711,
            0.17253214120864868,
            -7.405609130859375
        ]
    ],
    "rug.n.01": [
        [
            -9.10970687866211,
            0.17253214120864868,
            -3.4498555660247803
        ],
        [
            -5.634329795837402,
            0.7725321650505066,
            -3.693379897273772
        ],
        [
            -8.62753677368164,
            0.17253214120864868,
            -6.990110874176025
        ],
        [
            -1.9379090070724487,
            0.17253214120864868,
            -8.455889701843262
        ],
        [
            -5.86283016204834,
            0.7725321650505066,
            -9.093889648086417
        ]
    ],
    "hamper.n.02": [
        [
            -3.884921073913574,
            0.17253214120864868,
            -9.46792984008789
        ]
    ],
    "potted_plant.n.01": [
        [
            -8.474373817443848,
            0.17253214120864868,
            -2.6549715995788574
        ],
        [
            -7.174054145812988,
            0.9725321531295776,
            -10.161075592041016
        ],
        [
            -8.478585243225098,
            0.17253214120864868,
            -2.808842897415161
        ],
        [
            -8.456995010375977,
            0.17253214120864868,
            -2.3923583030700684
        ],
        [
            -9.6122465133667,
            0.17253214120864868,
            -4.374921798706055
        ],
        [
            -6.7701802253723145,
            0.7725321650505066,
            -8.737029075622559
        ],
        [
            -8.676637649536133,
            0.17253214120864868,
            -6.640810966491699
        ],
        [
            -4.389501571655273,
            0.5725321769714355,
            -2.2372167110443115
        ],
        [
            -6.095017433166504,
            0.17253214120864868,
            -2.418027639389038
        ],
        [
            -9.524541854858398,
            0.17253214120864868,
            -5.22562837600708
        ],
        [
            -9.351845741271973,
            0.17253214120864868,
            -10.20792007446289
        ],
        [
            -6.706385612487793,
            0.17253214120864868,
            -2.895704984664917
        ],
        [
            -8.672897338867188,
            0.17253214120864868,
            -7.616650581359863
        ],
        [
            -6.033487796783447,
            0.17253214120864868,
            -2.3680801391601562
        ],
        [
            -8.438065528869629,
            0.17253214120864868,
            -2.1287355422973633
        ],
        [
            -7.121020317077637,
            0.9725321531295776,
            -9.964324951171875
        ]
    ],
    "toilet.n.02": [
        [
            -1.3018100261688232,
            0.7725321650505066,
            -3.4780597997868057
        ]
    ],
    "dish_rack.n.01": [
        [
            -8.476102828979492,
            0.17253214120864868,
            -2.847627639770508
        ]
    ],
    "dryer.n.01": [
        [
            -6.2655229568481445,
            0.17253214120864868,
            -6.993294715881348
        ]
    ],
    "coffee_table.n.01": [
        [
            -5.474149703979492,
            0.7725321650505066,
            -4.301649790903923
        ]
    ],
    "kitchen_cabinet.n.02": [
        [
            -8.543530464172363,
            0.17253214120864868,
            -4.398789882659912
        ],
        [
            -8.54499626159668,
            0.17253214120864868,
            -3.179548978805542
        ],
        [
            -9.62071418762207,
            0.17253214120864868,
            -4.154749393463135
        ],
        [
            -9.616534233093262,
            0.17253214120864868,
            -4.616743564605713
        ]
    ],
    "sink_cabinet.n.01": [
        [
            -8.43912410736084,
            0.17253214120864868,
            -2.233870029449463
        ]
    ],
    "tv_stand.n.01": [
        [
            -6.744454383850098,
            0.17253214120864868,
            -3.956833839416504
        ]
    ],
    "board_game.n.01,chess.n.02": [
        [
            -5.490640163421631,
            0.7725321650505066,
            -4.6229898290044
        ]
    ],