{
    "wall_art.n.01": [
        [
            -9.728151321411133,
            0.1718313992023468,
            -14.936493873596191
        ],
        [
            -9.725048065185547,
            0.1718313992023468,
            -6.992266654968262
        ],
        [
            -7.501214981079102,
            0.1718313992023468,
            -11.009871482849121
        ],
        [
            -8.248620986938477,
            0.1718313992023468,
            -10.976823806762695
        ],
        [
            -4.4335103034973145,
            0.17952267825603485,
            -13.31884479522705
        ],
        [
            -9.006454467773438,
            0.7718313932418823,
            -5.3204145431518555
        ],
        [
            -4.632275104522705,
            0.1718313992023468,
            -12.636248588562012
        ],
        [
            -5.5492143630981445,
            0.1718313992023468,
            -9.207082748413086
        ],
        [
            -10.068158149719238,
            0.18373145163059235,
            -4.1386332511901855
        ]
    ],
    "dressing_table.n.01": [
        [
            -8.456544876098633,
            0.38131481409072876,
            -9.755292892456055
        ]
    ],
    "television_receiver.n.01": [
        [
            -4.3816070556640625,
            0.1718313992023468,
            -3.7831811904907227
        ],
        [
            -8.972787857055664,
            0.7718313932418823,
            -5.393392562866211
        ]
    ],
    "kitchen_cabinet.n.02": [
        [
            -14.191009521484375,
            0.1718313992023468,
            -14.658071517944336
        ],
        [
            -12.438556671142578,
            0.1718313992023468,
            -14.686110496520996
        ]
    ],
    "sofa.n.01": [
        [
            -13.889959335327148,
            0.1718313992023468,
            -5.777819289099
        ],
        [
            -11.625679969787598,
            0.1718313992023468,
            -4.386949754539131
        ],
        [
            -11.670180320739746,
            0.1718313992023468,
            -7.219769524349573
        ],
        [
            -4.047320365905762,
            0.1718313992023468,
            -5.155174901773023
        ]
    ],
    "pendant_lamp.n.01": [
        [
            -10.620283126831055,
            0.1718313992023468,
            -16.354768753051758
        ],
        [
            -12.441274642944336,
            0.1718313992023468,
            -16.313129425048828
        ],
        [
            -11.048646926879883,
            0.1718313992023468,
            -13.148078918457031
        ],
        [
            -12.45897388458252,
            0.1718313992023468,
            -13.464669227600098
        ],
        [
            -4.874020099639893,
            0.1718313992023468,
            -11.76269921286702
        ],
        [
            -7.690629959106445,
            0.1718313992023468,
            -11.7674990554154
        ],
        [
            -8.037610054016113,
            0.1718313992023468,
            -13.683238954350955
        ],
        [
            -8.38495922088623,
            0.1718313992023468,
            -15.975675582885742
        ]
    ],
    "rug.n.01": [
        [
            -5.356675148010254,
            0.40761682391166687,
            -15.163780212402344
        ],
        [
            -4.343719959259033,
            0.1718313992023468,
            -4.9374296106439886
        ],
        [
            -8.067085266113281,
            0.5729578733444214,
            -5.846175193786621
        ],
        [
            -10.855178833007812,
            0.9718313813209534,
            -14.924869537353516
        ],
        [
            -7.885039806365967,
            0.1718313992023468,
            -9.08816950987756
        ],
        [
            -10.873748779296875,
            0.6205848455429077,
            -9.163226127624512
        ],
        [
            -12.333112716674805,
            0.30174222588539124,
            -6.105324745178223
        ]
    ],
    "wall_mirror.n.01": [
        [
            -4.5667195320129395,
            0.18497225642204285,
            -10.333549499511719
        ],
        [
            -9.731138229370117,
            0.1718313992023468,
            -7.2243170738220215
        ],
        [
            -8.697896003723145,
            0.1718313992023468,
            -3.958674669265747
        ],
        [
            -9.742849349975586,
            0.1718313992023468,
            -9.259264945983887
        ],
        [
            -4.69793176651001,
            0.1718313992023468,
            -16.95552635192871
        ],
        [
            -3.1731154918670654,
            0.9718313813209534,
            -5.063082695007324
        ]
    ],
    "vase.n.01": [
        [
            -5.550808906555176,
            0.1718313992023468,
            -4.003316879272461
        ]
    ],
    "flower_in_vase.n.01": [
        [
            -11.764135360717773,
            0.17705035209655762,
            -6.367359638214111
        ],
        [
            -10.057343482971191,
            0.17848169803619385,
            -4.092852592468262
        ],
        [
            -3.5896589756011963,
            0.1718313992023468,
            -16.564552307128906
        ],
        [
            -11.070266723632812,
            0.9718313813209534,
            -14.723977088928223
        ],
        [
            -8.522989273071289,
            0.1718313992023468,
            -15.61353874206543
        ],
        [
            -5.176629543304443,
            0.1718313992023468,
            -11.34019660949707
        ]
    ],
    "potted_plant.n.01": [
        [
            -5.907807350158691,
            0.17822174727916718,
            -5.54767370223999
        ],
        [
            -9.816694259643555,
            0.1718313992023468,
            -16.571094512939453
        ],
        [
            -10.39295482635498,
            0.1718313992023468,
            -16.552207946777344
        ],
        [
            -14.038363456726074,
            0.3734087646007538,
            -5.036840438842773
        ],
        [
            -3.9254331588745117,
            0.1718313992023468,
            -3.8175926208496094
        ]
    ],
    "window_blind.n.01": [
        [
            -12.095976829528809,
            0.1718313992023468,
            -16.98019790649414
        ]
    ],
    "console_table.n.01": [
        [
            -4.4583420753479,
            0.1718313992023468,
            -11.443857192993164
        ],
        [
            -10.27963638305664,
            0.1718313992023468,
            -5.6405439376831055
        ]
    ],
    "bottle.n.01": [
        [
            -12.29435920715332,
            0.2732318639755249,
            -5.114918231964111
        ]
    ],
    "chest_of_drawers.n.01": [
        [
            -7.963635444641113,
            0.18533360958099365,
            -9.875083923339844
        ],
        [
            -5.912927150726318,
            0.17968247830867767,
            -5.585093975067139
        ],
        [
            -6.080254077911377,
            0.1718313992023468,
            -16.80725860595703
        ]
    ],
    "footstool.n.01": [
        [
            -7.9032301902771,
            0.1718313992023468,
            -9.011399685657011
        ]
    ],
    "dining_table.n.01": [
        [
            -10.980570793151855,
            0.9718313813209534,
            -15.077116012573242
        ]
    ],
    "glass.n.02": [
        [
            -12.298311233520508,
            0.38948583602905273,
            -6.018260955810547
        ]
    ],