{
    "stool.n.01": [
        [
            -1.4714221954345703,
            0.5865516662597656,
            -4.278277397155762
        ]
    ],
    "kitchen_cabinet.n.02": [
        [
            -8.275837898254395,
            0.17896106839179993,
            2.011099100112915
        ],
        [
            -8.33450984954834,
            0.17896106839179993,
            2.5910139083862305
        ],
        [
            -6.318366050720215,
            0.17896106839179993,
            2.678382396697998
        ],
        [
            -8.241618156433105,
            0.17896106839179993,
            1.7715727090835571
        ],
        [
            -8.237815856933594,
            0.17896106839179993,
            2.672340154647827
        ],
        [
            -7.776626110076904,
            0.17896106839179993,
            2.6707870960235596
        ],
        [
            -6.849952220916748,
            0.17896106839179993,
            2.6828970909118652
        ],
        [
            -6.491819858551025,
            0.17896106839179993,
            2.646385669708252
        ],
        [
            -6.25792121887207,
            0.17896106839179993,
            2.2967796325683594
        ],
        [
            -8.29580307006836,
            0.17896106839179993,
            2.4762520790100098
        ]
    ],
    "coffee_table.n.01": [
        [
            -3.1752402782440186,
            0.2750352621078491,
            -0.6446199628937244
        ]
    ],
    "toaster.n.02": [
        [
            -6.2214508056640625,
            0.17896106839179993,
            2.5104262828826904
        ]
    ],
    "wall_art.n.01": [
        [
            -8.27145004272461,
            0.17896106839179993,
            1.784607172012329
        ],
        [
            -2.033381700515747,
            0.37444937229156494,
            -1.861901879310608
        ],
        [
            -4.691100120544434,
            0.17896106839179993,
            -4.298193454742432
        ],
        [
            -1.67014741897583,
            0.17896106839179993,
            -3.685821771621704
        ],
        [
            -2.0445852279663086,
            0.17896106839179993,
            1.6509644985198975
        ],
        [
            -2.045281171798706,
            0.17896106839179993,
            1.6878594160079956
        ],
        [
            -2.0415244102478027,
            0.3739951252937317,
            -1.8628833293914795
        ],
        [
            -7.877521514892578,
            0.17896106839179993,
            -2.0837645530700684
        ],
        [
            -8.882112503051758,
            0.7789610624313354,
            -3.454150915145874
        ],
        [
            -7.424923896789551,
            0.17896106839179993,
            -2.103299856185913
        ],
        [
            -4.050179481506348,
            0.17896106839179993,
            1.6492094993591309
        ],
        [
            -3.0021142959594727,
            0.2322133183479309,
            -1.812234878540039
        ],
        [
            -2.0238327980041504,
            0.17896106839179993,
            1.681907296180725
        ],
        [
            -6.025505065917969,
            0.17896106839179993,
            -4.60458517074585
        ],
        [
            -8.61348819732666,
            0.17896106839179993,
            -2.104527473449707
        ],
        [
            -4.614604949951172,
            0.17896106839179993,
            -3.7120754718780518
        ]
    ],
    "book.n.02": [
        [
            -1.6703206300735474,
            0.17896106839179993,
            -3.7105283737182617
        ],
        [
            -1.669448733329773,
            0.17896106839179993,
            -3.6982669830322266
        ],
        [
            -1.6704587936401367,
            0.17896106839179993,
            -3.6782562732696533
        ]
    ],
    "television_receiver.n.01": [
        [
            -5.90480375289917,
            0.1864633560180664,
            -3.6295511722564697
        ],
        [
            -6.054075241088867,
            0.17896106839179993,
            -4.70334529876709
        ],
        [
            -6.545260906219482,
            0.17896106839179993,
            -5.213779926300049
        ]
    ],
    "desk.n.01": [
        [
            -6.029684543609619,
            0.17896106839179993,
            -4.708278656005859
        ],
        [
            -3.9696133136749268,
            0.17896106839179993,
            -4.765870571136475
        ]
    ],
    "bathtub.n.01": [
        [
            -1.9659030437469482,
            0.17896106839179993,
            2.2487523555755615
        ]
    ],
    "refrigerator.n.01": [
        [
            -6.278548717498779,
            0.17896106839179993,
            1.6741156578063965
        ]
    ],
    "rug.n.01": [
        [
            -7.356960296630859,
            0.2750352621078491,
            2.253294810456339
        ],
        [
            -2.924910068511963,
            0.2750352621078491,
            -0.6129799715888495
        ],
        [
            -3.046099901199341,
            0.2750352621078491,
            -4.136199704635146
        ],
        [
            -7.335009574890137,
            0.2750352621078491,
            -4.191349733391405
        ]
    ],
    "swivel_chair.n.01": [
        [
            -6.539166450500488,
            0.17896106839179993,
            -5.189772129058838
        ],
        [
            -3.734527826309204,
            0.17896106839179993,
            -4.871585369110107
        ]
    ],
    "armoire.n.01": [
        [
            -8.354707717895508,
            0.2851313352584839,
            -5.173271656036377
        ]
    ],
    "toilet.n.02": [
        [
            -3.1943600177764893,
            0.2750352621078491,
            3.1622498534768795
        ]
    ],
    "basket.n.01": [
        [
            -8.353508949279785,
            0.32104986906051636,
            -4.977153778076172
        ],
        [
            -1.6983251571655273,
            0.17896106839179993,
            -3.667686939239502
        ]
    ],
    "potted_plant.n.01": [
        [
            -1.2240853309631348,
            0.5789610743522644,
            0.029221750795841217
        ],
        [
            -5.833871841430664,
            0.17896106839179993,
            -4.298502445220947
        ],
        [
            -4.755053520202637,
            0.17896106839179993,
            -4.363985061645508
        ],
        [
            -8.362061500549316,
            0.21555739641189575,
            -5.5622076988220215
        ],
        [
            -1.682049036026001,
            0.17896106839179993,
            -3.9170424938201904
        ],
        [
            -4.730944633483887,
            0.17896106839179993,
            -4.3616533279418945
        ],
        [
            -5.869765758514404,
            0.17896106839179993,
            -4.202944278717041
        ],
        [
            -5.572067737579346,
            0.17896106839179993,
            -2.026228904724121
        ],
        [
            -1.7114512920379639,
            0.17896106839179993,
            -3.672790288925171
        ],
        [
            -7.969539642333984,
            0.18680565059185028,
            -5.299783706665039
        ],
        [
            -1.6937391757965088,
            0.17896106839179993,
            -3.7372541427612305
        ],
        [
            -1.1302107572555542,
            0.5789610743522644,
            -0.5630804896354675
        ],
        [
            -5.923421382904053,
            0.19003793597221375,
            -2.8088479042053223
        ]
    ],
    "washer.n.03": [
        [
            -4.358402729034424,
            0.17896106839179993,
            3.1398797035217285
        ],
        [
            -4.361297607421875,
            0.17896106839179993,
            2.558438777923584
        ]
    ],