{
    "dining_table.n.01": [
        [
            3.9205641746520996,
            0.16843430697917938,
            -0.4953771233558655
        ]
    ],
    "drawer_unit.n.01": [
        [
            1.8106632232666016,
            0.16843430697917938,
            -14.560531616210938
        ]
    ],
    "armoire.n.01": [
        [
            7.507403373718262,
            0.16843430697917938,
            -14.468474388122559
        ],
        [
            7.511177062988281,
            0.16843430697917938,
            -15.551398277282715
        ]
    ],
    "potted_plant.n.01": [
        [
            -0.04617979750037193,
            0.16843430697917938,
            -10.485502243041992
        ]
    ],
    "wall_clock.n.01": [
        [
            1.8121778964996338,
            0.16843430697917938,
            -14.807303428649902
        ],
        [
            3.7406320571899414,
            0.16843430697917938,
            -10.143166542053223
        ]
    ],
    "wall_art.n.01": [
        [
            -0.8396489024162292,
            0.16843430697917938,
            -8.096160888671875
        ],
        [
            4.384507179260254,
            0.16843430697917938,
            -14.43283462524414
        ],
        [
            2.5308713912963867,
            0.16843430697917938,
            -13.478182792663574
        ]
    ],
    "wall_mirror.n.01": [
        [
            3.9637246131896973,
            0.16843430697917938,
            -16.66750144958496
        ],
        [
            5.758923530578613,
            0.16843430697917938,
            -14.185796737670898
        ],
        [
            2.4991514682769775,
            0.16843430697917938,
            -11.848369598388672
        ],
        [
            2.5017282962799072,
            0.16843430697917938,
            -14.580724716186523
        ],
        [
            2.4705300331115723,
            0.16843430697917938,
            -13.189046859741211
        ]
    ],
    "china_cabinet.n.01": [
        [
            -0.41061532497406006,
            0.16843430697917938,
            -12.734687805175781
        ],
        [
            1.2101836204528809,
            0.16843430697917938,
            -12.395956039428711
        ],
        [
            -0.11715449392795563,
            0.16843430697917938,
            -12.137869834899902
        ]
    ],
    "stairway.n.01,stairs.n.01": [
        [
            7.297792434692383,
            0.16843430697917938,
            -11.287263870239258
        ]
    ],
    "ashcan.n.01": [
        [
            1.1324481964111328,
            0.16843430697917938,
            -12.41011905670166
        ]
    ],
    "armchair.n.01": [
        [
            2.8348758220672607,
            0.16843430697917938,
            -0.4385063648223877
        ],
        [
            4.067023277282715,
            0.16843430697917938,
            -0.4589281380176544
        ],
        [
            2.6806087493896484,
            0.16843430697917938,
            -0.48552024364471436
        ],
        [
            2.913222551345825,
            0.16843430697917938,
            -1.7744872570037842
        ],
        [
            -0.7808767557144165,
            0.7353512644767761,
            -15.815801620483398
        ]
    ],
    "rug.n.01": [
        [
            0.37030813097953796,
            0.8048264980316162,
            -8.37075424194336
        ],
        [
            0.7623100280761719,
            0.16843430697917938,
            -14.419058893975034
        ]
    ],
    "console_table.n.01": [
        [
            3.9516289234161377,
            0.16843430697917938,
            -16.650705337524414
        ]
    ],
    "kitchen_cabinet.n.02": [
        [
            0.46517640352249146,
            0.16843430697917938,
            -4.036596298217773
        ],
        [
            1.1149928569793701,
            0.16843430697917938,
            -0.9474665522575378
        ],
        [
            -0.1744149774312973,
            0.16843430697917938,
            -1.97750985756457
        ],
        [
            7.9819746017456055,
            0.16843430697917938,
            -2.919569795157315
        ],
        [
            -0.2783295810222626,
            0.16843430697917938,
            -4.072469711303711
        ]
    ],
    "hanging_cabinet.n.01": [
        [
            -0.2822977900505066,
            0.16843430697917938,
            -3.9642913341522217
        ],
        [
            1.216834306716919,
            0.16843430697917938,
            -5.549988746643066
        ],
        [
            0.6870817542076111,
            0.16843430697917938,
            -4.088537216186523
        ]
    ],
    "easy_chair.n.01": [
        [
            6.187354564666748,
            0.65958172082901,
            -7.019310474395752
        ],
        [
            5.812896251678467,
            0.6251993775367737,
            -9.596187591552734
        ],
        [
            6.649106502532959,
            0.3677107095718384,
            -7.387063980102539
        ],
        [
            6.69695520401001,
            0.8290289640426636,
            -9.790889739990234
        ],
        [
            5.094582557678223,
            0.832892656326294,
            -7.005634307861328
        ],
        [
            5.138631820678711,
            0.41149193048477173,
            -9.259882926940918
        ]
    ],
    "floor_lamp.n.01": [
        [
            1.5227210521697998,
            0.16843430697917938,
            -5.764273643493652
        ]
    ],
    "sink_stand.n.01": [
        [
            6.357295513153076,
            0.16843430697917938,
            -14.160370826721191
        ]
    ],
    "fireplace.n.01": [
        [
            1.329120397567749,
            0.36819174885749817,
            -10.844690322875977
        ]
    ],
    "kitchen_island.n.01": [
        [
            1.5551984310150146,
            0.16843430697917938,
            -4.09173583984375
        ],
        [
            5.065479278564453,
            0.16843430697917938,
            -2.4775867462158203
        ]
    ],
    "coffee_table.n.01": [
        [
            5.981639862060547,
            0.16843430697917938,
            -8.405109858208277
        ]
    ],
    "television_receiver.n.01": [
        [
            7.949326515197754,
            0.4257057309150696,
            -8.391453742980957
        ]
    ],
    "swivel_chair.n.01": [
        [
            0.9495078921318054,
            0.16843430697917938,
            -13.028923034667969
        ]
    ],
    "tv_stand.n.01": [
        [
            7.957785129547119,
            0.44471269845962524,
            -8.476935386657715
        ]
    ],
    "sink.n.01": [
        [
            0.00043539702892303467,
            0.16843430697917938,
            -4.076281547546387
        ]
    ],
    "pendant_lamp.n.01": [
        [
            5.9693098068237305,
            0.16843430697917938,
            -8.423599456334102
        ]
    ],
    "bar_stool.n.01,chair.n.01": [
        [
            5.037060737609863,
            0.16843430697917938,
            -0.7181219458580017
        ],
        [
            4.7907304763793945,
            0.16843430697917938,
            -1.7161500453948975
        ],
        [
            4.7725911140441895,
            0.16843430697917938,
            -1.9507163763046265
        ],
        [
            4.842761516571045,
            0.1692756861448288,
            -3.878352403640747
        ],
        [
            4.794690132141113,
            0.1743445098400116,
            -3.711975336074829
        ],
        [
            4.967831611633301,
            0.16843430697917938,
            -2.8520445823669434
        ]
    ],
    "end_table.n.01": [
        [
            -0.6801002025604248,
            0.16843430697917938,
            -14.619955062866211
        ]
    ],