{
    "wall_art.n.01": [
        [
            -2.9518771171569824,
            0.08283479511737823,
            -9.090499877929688
        ],
        [
            -2.962672710418701,
            0.08283479511737823,
            -5.960665702819824
        ]
    ],
    "desk.n.01": [
        [
            -6.592993259429932,
            0.08283479511737823,
            -11.313704490661621
        ]
    ],
    "balcony.n.02": [
        [
            -4.595950126647949,
            0.08283479511737823,
            -13.097949200990797
        ]
    ],
    "stairway.n.01,stairs.n.01": [
        [
            -1.1215107440948486,
            0.08283479511737823,
            -9.22830581665039
        ]
    ],
    "sink_cabinet.n.01": [
        [
            -1.8125252723693848,
            0.08283479511737823,
            -11.595834732055664
        ],
        [
            -1.8807228803634644,
            0.08283479511737823,
            -3.753610134124756
        ]
    ],
    "floor_lamp.n.01": [
        [
            -7.071369171142578,
            0.08283479511737823,
            -11.689208984375
        ]
    ],
    "chaise_longue.n.01": [
        [
            -6.609789848327637,
            0.08283479511737823,
            -10.006009459137317
        ]
    ],
    "easy_chair.n.01": [
        [
            -4.465543270111084,
            0.3616468906402588,
            -3.304047107696533
        ]
    ],
    "wall_clock.n.01": [
        [
            -4.311469078063965,
            0.08283479511737823,
            -10.173601150512695
        ]
    ],
    "shower_stall.n.01": [
        [
            -1.2114577293395996,
            0.08283479511737823,
            -3.5069193840026855
        ],
        [
            -2.3586130142211914,
            0.08283479511737823,
            -11.129439353942871
        ]
    ],
    "wall_mirror.n.01": [
        [
            -0.34970608353614807,
            0.08283479511737823,
            -8.41424560546875
        ],
        [
            -4.78145694732666,
            0.08283479511737823,
            -7.566965103149414
        ]
    ],
    "armoire.n.01": [
        [
            -7.56834077835083,
            0.08283479511737823,
            -3.363173007965088
        ],
        [
            -8.055654525756836,
            0.08283479511737823,
            -8.196318626403809
        ],
        [
            -5.990592956542969,
            0.08283479511737823,
            -8.173776626586914
        ],
        [
            -8.35186767578125,
            0.08283479511737823,
            -6.193357467651367
        ],
        [
            -8.376266479492188,
            0.08283479511737823,
            -3.445054054260254
        ]
    ],
    "bed.n.01": [
        [
            -6.3791022300720215,
            0.682834804058075,
            -5.66746711730957
        ],
        [
            -8.224859237670898,
            0.827779233455658,
            -9.811325073242188
        ]
    ],
    "rug.n.01": [
        [
            -7.796550273895264,
            0.08283479511737823,
            -8.648689270019531
        ],
        [
            -7.706043720245361,
            0.08283479511737823,
            -11.178834915161133
        ]
    ],
    "swivel_chair.n.01": [
        [
            -5.947548866271973,
            0.08283479511737823,
            -11.14419174194336
        ]
    ],
    "chair.n.01": [
        [
            -4.464720249176025,
            0.5369154214859009,
            -7.876010417938232
        ]
    ],
    "bookcase.n.01": [
        [
            -2.023002862930298,
            0.08283479511737823,
            -6.321421146392822
        ],
        [
            -2.0161795616149902,
            0.08283479511737823,
            -5.302720546722412
        ],
        [
            -0.5909790992736816,
            0.08283479511737823,
            -5.236151218414307
        ],
        [
            -0.7000687122344971,
            0.08283479511737823,
            -5.132526397705078
        ],
        [
            -0.5933346748352051,
            0.08283479511737823,
            -6.330694198608398
        ],
        [
            -1.9197686910629272,
            0.08283479511737823,
            -5.1261725425720215
        ],
        [
            -8.55717658996582,
            0.08283479511737823,
            -11.591039657592773
        ],
        [
            -7.527039527893066,
            0.08283479511737823,
            -11.683154106140137
        ],
        [
            -4.674363136291504,
            0.08283479511737823,
            -6.7073774337768555
        ]
    ],
    "ceiling_lamp.n.01": [
        [
            -4.821249961853027,
            0.08283479511737823,
            -8.445823952804531
        ],
        [
            -4.784430027008057,
            0.08283479511737823,
            -11.141034249005614
        ],
        [
            -7.645540237426758,
            0.08283479511737823,
            -8.297734552756836
        ],
        [
            -7.79428768157959,
            0.08283479511737823,
            -11.1155366897583
        ]
    ],
    "toilet.n.02": [
        [
            -0.4544050097465515,
            0.08283479511737823,
            -11.542299536329494
        ],
        [
            -2.55391001701355,
            0.08283479511737823,
            -2.8724947647753396
        ]
    ],
    "chest_of_drawers.n.01": [
        [
            -4.339191436767578,
            0.08283479511737823,
            -10.787899017333984
        ],
        [
            -4.355611324310303,
            0.08283479511737823,
            -9.933649063110352
        ],
        [
            -6.212270736694336,
            0.08403339982032776,
            -3.214707136154175
        ]
    ],
    "nightstand.n.01": [
        [
            -8.534588813781738,
            0.08283479511737823,
            -8.583477020263672
        ],
        [
            -8.541653633117676,
            0.08283479511737823,
            -11.303894996643066
        ],
        [
            -5.272822380065918,
            0.25360530614852905,
            -6.530581951141357
        ],
        [
            -8.007466316223145,
            0.19714754819869995,
            -6.541828155517578
        ]
    ],
    "potted_plant.n.01": [
        [
            -4.969886302947998,
            0.09981489181518555,
            -3.2712557315826416
        ]
    ],
    "sofa.n.01": [
        [
            -6.485368251800537,
            0.6315826177597046,
            -4.2512383460998535
        ]
    ],
    "window.n.01": [
        [
            -3.016620397567749,
            0.08434471487998962,
            -12.738162994384766
        ],
        [
            -0.3315884470939636,
            0.08283479511737823,
            -7.209539413452148
        ],
        [
            -7.196702003479004,
            0.08283479511737823,
            -11.694236755371094
        ],
        [
            -8.750568389892578,
            0.9924944639205933,
            -9.883502960205078
        ],
        [
            -5.7536187171936035,
            0.08500085771083832,
            -3.236994743347168
        ],
        [
            -8.370524406433105,
            0.08283479511737823,
            -3.2230324745178223
        ],
        [
            -3.4165234565734863,
            0.08283479511737823,
            -2.801983118057251
        ]
    ],
    "double_door.n.01": [
        [
            -4.725973606109619,
            0.18253204226493835,
            -12.747432708740234
        ]
    ]
}