{
    "vacuum.n.04": [
        [
            23.418411254882812,
            0.0076018571853637695,
            -29.982463836669922
        ]
    ],
    "barbecue.n.03": [
        [
            38.13780212402344,
            0.0076018571853637695,
            -33.87964630126953
        ]
    ],
    "bowl.n.01": [
        [
            32.00013732910156,
            0.0076018571853637695,
            -24.011337280273438
        ]
    ],
    "pool_table.n.01": [
        [
            28.42767333984375,
            0.0076018571853637695,
            -25.638103485107422
        ]
    ],
    "potted_plant.n.01": [
        [
            56.95561981201172,
            0.28384655714035034,
            -31.137596130371094
        ],
        [
            32.34043502807617,
            0.0076018571853637695,
            -33.22829055786133
        ],
        [
            41.07374954223633,
            0.0076018571853637695,
            -23.981727600097656
        ],
        [
            34.330684661865234,
            0.0076018571853637695,
            -29.574411392211914
        ],
        [
            57.479434967041016,
            0.0076018571853637695,
            -34.861366271972656
        ],
        [
            57.508758544921875,
            0.0076018571853637695,
            -26.863304138183594
        ],
        [
            31.34006118774414,
            0.0076018571853637695,
            -32.30595397949219
        ],
        [
            37.239349365234375,
            0.0076018571853637695,
            -28.045303344726562
        ]
    ],
    "bottle.n.01": [
        [
            33.83329391479492,
            0.0076018571853637695,
            -26.092205047607422
        ],
        [
            33.83472442626953,
            0.0076018571853637695,
            -26.34363555908203
        ]
    ],
    "ceiling_lamp.n.01": [
        [
            30.678077697753906,
            0.0076018571853637695,
            -28.008148267784705
        ],
        [
            30.919931411743164,
            0.0076018571853637695,
            -31.621484756469727
        ],
        [
            28.522079467773438,
            0.0076018571853637695,
            -31.73514732847515
        ],
        [
            26.431079864501953,
            0.0076018571853637695,
            -31.707145544865867
        ],
        [
            24.217079162597656,
            0.0076018571853637695,
            -28.553148311594114
        ],
        [
            28.631080627441406,
            0.0076018571853637695,
            -28.051147532799874
        ],
        [
            30.453914642333984,
            0.0076018571853637695,
            -24.548778533935547
        ],
        [
            24.487451553344727,
            0.0076018571853637695,
            -31.886289596557617
        ],
        [
            26.44607925415039,
            0.0076018571853637695,
            -28.075147699216032
        ],
        [
            22.559019088745117,
            0.0076018571853637695,
            -26.443504333496094
        ],
        [
            20.880605697631836,
            0.0076018571853637695,
            -26.387714385986328
        ],
        [
            22.682079315185547,
            0.0076018571853637695,
            -31.269147752979407
        ],
        [
            21.035688400268555,
            0.0076018571853637695,
            -30.687925338745117
        ],
        [
            21.8880672454834,
            0.0076018571853637695,
            -28.688425064086914
        ],
        [
            22.179597854614258,
            0.0076018571853637695,
            -24.38029670715332
        ],
        [
            20.915077209472656,
            0.0076018571853637695,
            -24.28214865771828
        ],
        [
            32.217079162597656,
            0.0076018571853637695,
            -24.53714589593723
        ],
        [
            32.217079162597656,
            0.0076018571853637695,
            -26.1501504842429
        ],
        [
            34.93994903564453,
            0.0076018571853637695,
            -22.199009362327402
        ],
        [
            31.69881820678711,
            0.0076018571853637695,
            -22.379615783691406
        ],
        [
            34.893741607666016,
            0.0076018571853637695,
            -19.921698172992492
        ],
        [
            31.694744110107422,
            0.0076018571853637695,
            -19.972518920898438
        ],
        [
            25.21739387512207,
            0.0076018571853637695,
            -24.184215545654297
        ],
        [
            28.541889190673828,
            0.0076018571853637695,
            -24.781048087820423
        ],
        [
            26.674110412597656,
            0.0076018571853637695,
            -24.814117696445024
        ],
        [
            24.475080490112305,
            0.0076018571853637695,
            -30.92714871940906
        ]
    ],
    "door.n.01": [
        [
            42.20066452026367,
            0.0076018571853637695,
            -21.287351608276367
        ]
    ],
    "table_lamp.n.01": [
        [
            26.124616622924805,
            0.008766553364694118,
            -30.479488372802734
        ]
    ],
    "l-shaped_couch.n.01": [
        [
            55.997596740722656,
            0.0076018571853637695,
            -31.171978046180016
        ],
        [
            29.131982803344727,
            0.0076018571853637695,
            -30.561555948164596
        ]
    ],
    "bookcase.n.01": [
        [
            20.810144424438477,
            0.0076018571853637695,
            -26.38731575012207
        ],
        [
            20.76929473876953,
            0.0076018571853637695,
            -28.144145965576172
        ],
        [
            20.65298843383789,
            0.0076018571853637695,
            -28.57771873474121
        ],
        [
            20.618383407592773,
            0.0076018571853637695,
            -30.31334686279297
        ],
        [
            20.84091567993164,
            0.0076018571853637695,
            -30.669998168945312
        ],
        [
            20.749839782714844,
            0.0076018571853637695,
            -32.451271057128906
        ],
        [
            22.508281707763672,
            0.0076018571853637695,
            -26.88524627685547
        ],
        [
            20.87200164794922,
            0.0076018571853637695,
            -26.089706420898438
        ],
        [
            22.59084701538086,
            0.0076018571853637695,
            -24.347957611083984
        ],
        [
            35.38246154785156,
            0.0076018571853637695,
            -17.531450271606445
        ],
        [
            35.769283294677734,
            0.0076018571853637695,
            -17.915212631225586
        ],
        [
            35.78256607055664,
            0.0076018571853637695,
            -17.65427017211914
        ],
        [
            34.77739334106445,
            0.0076018571853637695,
            -17.521595001220703
        ],
        [
            33.726593017578125,
            0.0076018571853637695,
            -17.54187774658203
        ]
    ],
    "coffee_table.n.01": [
        [
            28.36136245727539,
            0.47580206394195557,
            -30.759506225585938
        ],
        [
            56.91691970825195,
            0.33054283261299133,
            -30.967805862426758
        ]
    ],
    "refrigerator.n.01": [
        [
            32.499393463134766,
            0.0076018571853637695,
            -23.92623519897461
        ]
    ],