{
    "vacuum.n.04": [
        [
            23.32734489440918,
            0.0076018571853637695,
            -29.90839385986328
        ]
    ],
    "barbecue.n.03": [
        [
            38.142147064208984,
            0.0076018571853637695,
            -33.797542572021484
        ]
    ],
    "bowl.n.01": [
        [
            31.999780654907227,
            0.0076018571853637695,
            -24.01848793029785
        ]
    ],
    "pool_table.n.01": [
        [
            28.323396682739258,
            0.0076018571853637695,
            -25.635637283325195
        ]
    ],
    "potted_plant.n.01": [
        [
            56.90235137939453,
            0.25622230768203735,
            -31.385604858398438
        ],
        [
            32.16721725463867,
            0.0076018571853637695,
            -33.228607177734375
        ],
        [
            41.09307098388672,
            0.0076018571853637695,
            -24.00528335571289
        ],
        [
            34.3057861328125,
            0.0076018571853637695,
            -29.572452545166016
        ],
        [
            57.10132598876953,
            0.0076018571853637695,
            -34.96562957763672
        ],
        [
            56.96038055419922,
            0.036005936563014984,
            -26.965892791748047
        ],
        [
            31.34463119506836,
            0.0076018571853637695,
            -32.3285026550293
        ],
        [
            37.22236633300781,
            0.0076018571853637695,
            -28.051334381103516
        ]
    ],
    "bottle.n.01": [
        [
            33.83053970336914,
            0.0076018571853637695,
            -25.97747230529785
        ],
        [
            33.80373764038086,
            0.0076018571853637695,
            -26.384429931640625
        ]
    ],
    "ceiling_lamp.n.01": [
        [
            30.678077697753906,
            0.0076018571853637695,
            -28.008148267784705
        ],
        [
            30.972251892089844,
            0.0076018571853637695,
            -31.55005645751953
        ],
        [
            28.522079467773438,
            0.0076018571853637695,
            -31.73514732847515
        ],
        [
            26.431079864501953,
            0.0076018571853637695,
            -31.707145544865867
        ],
        [
            24.217079162597656,
            0.0076018571853637695,
            -28.553148311594114
        ],
        [
            28.631080627441406,
            0.0076018571853637695,
            -28.051147532799874
        ],
        [
            30.584794998168945,
            0.0076018571853637695,
            -24.782344818115234
        ],
        [
            24.59898567199707,
            0.0076018571853637695,
            -31.93692970275879
        ],
        [
            26.44607925415039,
            0.0076018571853637695,
            -28.075147699216032
        ],
        [
            22.560937881469727,
            0.0076018571853637695,
            -26.521995544433594
        ],
        [
            20.892274856567383,
            0.0076018571853637695,
            -26.381895065307617
        ],
        [
            22.682079315185547,
            0.0076018571853637695,
            -31.269147752979407
        ],
        [
            21.163972854614258,
            0.0076018571853637695,
            -30.652162551879883
        ],
        [
            21.886533737182617,
            0.0076018571853637695,
            -28.705293655395508
        ],
        [
            22.369121551513672,
            0.0076018571853637695,
            -24.390426635742188
        ],
        [
            20.915077209472656,
            0.0076018571853637695,
            -24.28214865771828
        ],
        [
            32.217079162597656,
            0.0076018571853637695,
            -24.53714589593723
        ],
        [
            32.217079162597656,
            0.0076018571853637695,
            -26.1501504842429
        ],
        [
            34.93994903564453,
            0.0076018571853637695,
            -22.199009362327402
        ],
        [
            31.617130279541016,
            0.0076018571853637695,
            -22.2186279296875
        ],
        [
            34.893741607666016,
            0.0076018571853637695,
            -19.921698172992492
        ],
        [
            31.692941665649414,
            0.0076018571853637695,
            -19.92681312561035
        ],
        [
            25.269020080566406,
            0.0076018571853637695,
            -24.321311950683594
        ],
        [
            28.541889190673828,
            0.0076018571853637695,
            -24.781048087820423
        ],
        [
            26.674110412597656,
            0.0076018571853637695,
            -24.814117696445024
        ],
        [
            24.475080490112305,
            0.0076018571853637695,
            -30.92714871940906
        ]
    ],
    "door.n.01": [
        [
            42.195945739746094,
            0.0076018571853637695,
            -21.471397399902344
        ]
    ],
    "table_lamp.n.01": [
        [
            26.17226219177246,
            0.007905537262558937,
            -30.40618896484375
        ]
    ],
    "l-shaped_couch.n.01": [
        [
            55.997596740722656,
            0.0076018571853637695,
            -31.171978046180016
        ],
        [
            29.131982803344727,
            0.0076018571853637695,
            -30.561555948164596
        ]
    ],
    "bookcase.n.01": [
        [
            20.89522361755371,
            0.0076018571853637695,
            -26.38517189025879
        ],
        [
            20.72787857055664,
            0.0076018571853637695,
            -28.147315979003906
        ],
        [
            20.944320678710938,
            0.0076018571853637695,
            -28.575855255126953
        ],
        [
            20.670101165771484,
            0.0076018571853637695,
            -30.31997299194336
        ],
        [
            20.717723846435547,
            0.0076018571853637695,
            -30.662002563476562
        ],
        [
            20.876094818115234,
            0.0076018571853637695,
            -32.44083786010742
        ],
        [
            22.559284210205078,
            0.0076018571853637695,
            -26.86844253540039
        ],
        [
            20.82744026184082,
            0.0076018571853637695,
            -26.098731994628906
        ],
        [
            22.579078674316406,
            0.0076018571853637695,
            -24.372386932373047
        ],
        [
            35.39151382446289,
            0.0076018571853637695,
            -17.554302215576172
        ],
        [
            35.75642776489258,
            0.0076018571853637695,
            -18.038997650146484
        ],
        [
            35.68009567260742,
            0.0076018571853637695,
            -17.541494369506836
        ],
        [
            34.69729995727539,
            0.0076018571853637695,
            -17.524694442749023
        ],
        [
            33.89980697631836,
            0.0076018571853637695,
            -17.530715942382812
        ]
    ],
    "coffee_table.n.01": [
        [
            28.335704803466797,
            0.4181831181049347,
            -30.701038360595703
        ],
        [
            56.978755950927734,
            0.23721104860305786,
            -31.337223052978516
        ]
    ],
    "refrigerator.n.01": [
        [
            32.49623107910156,
            0.0076018571853637695,
            -24.01385498046875
        ]
    ],