{
    "potted_plant.n.01": [
        [
            -11.311413764953613,
            0.19880765676498413,
            -2.0160908699035645
        ],
        [
            -2.2450199127197266,
            0.6577232480049133,
            -9.80065631866455
        ],
        [
            -8.262405395507812,
            0.19880765676498413,
            -1.9619263410568237
        ],
        [
            -7.284643650054932,
            0.4196628928184509,
            -0.9038205742835999
        ],
        [
            -8.428744316101074,
            0.19880765676498413,
            -0.9582487344741821
        ],
        [
            -10.227041244506836,
            0.19880765676498413,
            -8.045441627502441
        ],
        [
            -0.22811371088027954,
            0.19880765676498413,
            -8.093805313110352
        ],
        [
            0.1618882268667221,
            0.19880765676498413,
            -1.1049116849899292
        ],
        [
            -3.9601473808288574,
            0.19880765676498413,
            -2.3464064598083496
        ],
        [
            -0.37331724166870117,
            0.3320806622505188,
            -12.264603837454047
        ],
        [
            -3.643207550048828,
            0.3320806622505188,
            -9.796639806828475
        ],
        [
            -11.358256340026855,
            0.19880765676498413,
            -0.6766012907028198
        ]
    ],
    "wall_lamp.n.01": [
        [
            -6.254303932189941,
            0.19880765676498413,
            -9.2035551071167
        ],
        [
            -10.433388710021973,
            0.19880765676498413,
            -10.18996810913086
        ],
        [
            -0.9175348877906799,
            0.22285550832748413,
            -9.829557418823242
        ],
        [
            -0.3553997278213501,
            0.4092593491077423,
            -11.41651725769043
        ],
        [
            -0.34579992294311523,
            0.27159592509269714,
            -13.318522453308105
        ],
        [
            -2.9362986087799072,
            0.4220542311668396,
            -9.852561950683594
        ],
        [
            -10.49023723602295,
            0.19880765676498413,
            -14.650290489196777
        ],
        [
            -8.57059383392334,
            0.19880765676498413,
            -14.692212104797363
        ],
        [
            -6.93106746673584,
            0.19880765676498413,
            -14.700057983398438
        ],
        [
            -5.0777058601379395,
            0.19880765676498413,
            -14.651510238647461
        ],
        [
            -7.295774459838867,
            0.27145320177078247,
            -0.5819437503814697
        ],
        [
            -6.872913837432861,
            0.25947096943855286,
            -0.26878902316093445
        ],
        [
            -4.018033504486084,
            0.19880765676498413,
            -0.8619552254676819
        ],
        [
            -3.9822659492492676,
            0.19880765676498413,
            -1.0677610635757446
        ],
        [
            -4.016116619110107,
            0.19880765676498413,
            -2.054833173751831
        ],
        [
            -8.63797378540039,
            0.19880765676498413,
            -4.884675025939941
        ],
        [
            -6.994075775146484,
            0.19880765676498413,
            -4.896559715270996
        ],
        [
            -5.274472713470459,
            0.19880765676498413,
            -4.903472900390625
        ],
        [
            -7.841577529907227,
            0.19880765676498413,
            -3.21889591217041
        ],
        [
            0.1577962338924408,
            0.19880765676498413,
            -2.4700725078582764
        ],
        [
            0.14967745542526245,
            0.19880765676498413,
            -4.601920127868652
        ],
        [
            0.12436287105083466,
            0.19880765676498413,
            -7.157983779907227
        ],
        [
            -5.310591220855713,
            0.19880765676498413,
            -3.2898917198181152
        ],
        [
            0.1569671928882599,
            0.19880765676498413,
            -8.143705368041992
        ]
    ],
    "picture_frame.n.01": [
        [
            -11.328226089477539,
            0.19880765676498413,
            -1.9721311330795288
        ]
    ],
    "throw_pillow.n.01": [
        [
            -7.652778148651123,
            0.3320806622505188,
            -5.876402942073209
        ],
        [
            -8.578204154968262,
            0.6018863320350647,
            -5.868033409118652
        ],
        [
            -7.570204257965088,
            0.8007699847221375,
            -8.527616500854492
        ],
        [
            -9.059904098510742,
            0.41377925872802734,
            -8.11347770690918
        ],
        [
            -6.51402473449707,
            0.8135654330253601,
            -7.293791770935059
        ],
        [
            -5.162175178527832,
            0.19880765676498413,
            -1.2232799530029297
        ],
        [
            -5.1857404708862305,
            0.19880765676498413,
            -1.2280378341674805
        ],
        [
            -10.090470314025879,
            0.3320806622505188,
            -0.5790635769697552
        ],
        [
            -9.043511390686035,
            0.7247948050498962,
            -0.5495150089263916
        ]
    ],
    "flower.n.01": [
        [
            -10.429080963134766,
            0.19880765676498413,
            -10.19598388671875
        ],
        [
            -10.468442916870117,
            0.19880765676498413,
            -14.129281997680664
        ],
        [
            -10.497139930725098,
            0.19880765676498413,
            -12.7542142868042
        ],
        [
            -10.576929092407227,
            0.20153802633285522,
            -11.752988815307617
        ],
        [
            -10.587239265441895,
            0.19880765676498413,
            -10.787008285522461
        ]
    ],
    "ottoman.n.03": [
        [
            -11.19969367980957,
            0.19880765676498413,
            -2.0831596851348877
        ]
    ],
    "floor_lamp.n.01": [
        [
            -10.07287311553955,
            0.19880765676498413,
            -6.140520095825195
        ]
    ],
    "armchair.n.01": [
        [
            -6.659491539001465,
            0.4666353166103363,
            -11.931720733642578
        ],
        [
            -8.392269134521484,
            0.19880765676498413,
            -12.09466552734375
        ]
    ],