{
    "armoire.n.01": [
        [
            -1.2974332571029663,
            0.07347583770751953,
            -4.596186637878418
        ]
    ],
    "stairway.n.01,stairs.n.01": [
        [
            -7.146653652191162,
            0.07347583770751953,
            -8.568253517150879
        ]
    ],
    "television_receiver.n.01": [
        [
            -5.091811180114746,
            0.07347583770751953,
            -8.246169090270996
        ],
        [
            -4.441959857940674,
            0.07347583770751953,
            -8.185544967651367
        ],
        [
            -2.096656560897827,
            0.07347583770751953,
            -3.736097812652588
        ]
    ],
    "dining_area.n.01": [
        [
            1.041027545928955,
            0.07347583770751953,
            -4.521131992340088
        ],
        [
            0.9958590865135193,
            0.07347583770751953,
            -4.582240581512451
        ],
        [
            0.7953600287437439,
            0.07347583770751953,
            -3.500684976577759
        ]
    ],
    "desk.n.01": [
        [
            -7.5254225730896,
            0.07347583770751953,
            -3.516303539276123
        ],
        [
            -5.475231647491455,
            0.07347583770751953,
            -9.858410835266113
        ],
        [
            -3.2263548374176025,
            0.07347583770751953,
            -8.361989974975586
        ]
    ],
    "chaise_longue.n.01": [
        [
            0.8354676961898804,
            0.07347583770751953,
            -1.9740962997617473
        ],
        [
            0.8254677057266235,
            0.07347583770751953,
            -0.934096340292907
        ]
    ],
    "bookcase.n.01": [
        [
            -5.332480430603027,
            0.07347583770751953,
            -8.231106758117676
        ],
        [
            -4.790650367736816,
            0.07347583770751953,
            -8.2283296585083
        ],
        [
            -4.448150634765625,
            0.07347583770751953,
            -8.235891342163086
        ],
        [
            -4.659973621368408,
            0.07347583770751953,
            -8.20747184753418
        ],
        [
            -5.961399555206299,
            0.07347583770751953,
            -8.634153366088867
        ],
        [
            -5.6772589683532715,
            0.07347583770751953,
            -8.217493057250977
        ],
        [
            -5.2758636474609375,
            0.07347583770751953,
            -8.245691299438477
        ],
        [
            -5.303454399108887,
            0.07347583770751953,
            -8.241092681884766
        ],
        [
            -5.428628921508789,
            0.07347583770751953,
            -8.230037689208984
        ],
        [
            -5.2729387283325195,
            0.07347583770751953,
            -8.223372459411621
        ],
        [
            -5.150918960571289,
            0.07347583770751953,
            -8.215158462524414
        ],
        [
            -5.204729080200195,
            0.07347583770751953,
            -8.23958969116211
        ],
        [
            -4.946271896362305,
            0.07347583770751953,
            -8.235737800598145
        ],
        [
            -5.204791069030762,
            0.07347583770751953,
            -8.22008228302002
        ],
        [
            -5.0054168701171875,
            0.07347583770751953,
            -8.210111618041992
        ],
        [
            -5.982439041137695,
            0.07347583770751953,
            -8.662381172180176
        ],
        [
            -6.012578010559082,
            0.07347583770751953,
            -8.600347518920898
        ],
        [
            -5.587577819824219,
            0.07347583770751953,
            -8.246794700622559
        ],
        [
            -5.392928123474121,
            0.07347583770751953,
            -8.203968048095703
        ],
        [
            -5.409574508666992,
            0.07347583770751953,
            -8.230667114257812
        ],
        [
            -5.433684825897217,
            0.07347583770751953,
            -8.2297945022583
        ],
        [
            -5.322751998901367,
            0.07347583770751953,
            -8.234394073486328
        ],
        [
            -5.024194717407227,
            0.07347583770751953,
            -8.230521202087402
        ],
        [
            -5.069244384765625,
            0.07347583770751953,
            -8.229793548583984
        ],
        [
            -5.150749206542969,
            0.07347583770751953,
            -8.234563827514648
        ],
        [
            -4.86122989654541,
            0.07347583770751953,
            -8.23051929473877
        ],
        [
            -5.2305827140808105,
            0.07347583770751953,
            -8.24441909790039
        ],
        [
            -4.9889631271362305,
            0.07347583770751953,
            -8.234504699707031
        ],
        [
            -4.966220855712891,
            0.07347583770751953,
            -8.195527076721191
        ],
        [
            -5.447909355163574,
            0.07347583770751953,
            -8.233118057250977
        ],
        [
            -5.153308391571045,
            0.07347583770751953,
            -8.248433113098145
        ],
        [
            -4.869425296783447,
            0.07347583770751953,
            -8.240886688232422
        ],
        [
            -4.757935523986816,
            0.07347583770751953,
            -8.23335075378418
        ],
        [
            -4.864034175872803,
            0.07347583770751953,
            -8.221571922302246
        ],
        [
            -4.795228958129883,
            0.07347583770751953,
            -8.22910213470459
        ],
        [
            -4.692317008972168,
            0.07347583770751953,
            -8.220355987548828
        ],
        [
            -4.521920204162598,
            0.07347583770751953,
            -8.246010780334473
        ],
        [
            -4.677431106567383,
            0.07347583770751953,
            -8.246853828430176
        ],
        [
            -4.432064533233643,
            0.07347583770751953,
            -8.211671829223633
        ],
        [
            -4.531464099884033,
            0.07347583770751953,
            -8.20888900756836
        ],
        [
            -4.447973728179932,
            0.07347583770751953,
            -8.223176956176758
        ],
        [
            -4.439042091369629,
            0.07347583770751953,
            -8.24161434173584
        ],
        [
            -5.353295803070068,
            0.07347583770751953,
            -8.219671249389648
        ],
        [
            -4.504288196563721,
            0.07347583770751953,
            -8.243231773376465
        ],
        [
            -5.0847625732421875,
            0.07347583770751953,
            -8.215714454650879
        ],
        [
            -5.153648853302002,
            0.07347583770751953,
            -8.22943115234375
        ]
    ],
    "heating_system.n.01": [
        [
            -3.62290358543396,
            0.07347583770751953,
            -6.114051818847656
        ]
    ],
    "wall_clock.n.01": [
        [
            -8.159245491027832,
            0.07347583770751953,
            -6.317238807678223
        ]
    ],
    "railing.n.01": [
        [
            -7.983216762542725,
            -0.5118712186813354,
            -7.772592544555664
        ]
    ],
    "bed.n.01": [
        [
            -5.464791297912598,
            0.7553601861000061,
            -11.54060173034668
        ],
        [
            -1.1163439750671387,
            0.8101244568824768,
            -8.108942985534668
        ],
        [
            -1.8480675220489502,
            0.807272732257843,
            -1.3421156406402588
        ]
    ],