{
    "piano.n.01": [
        [
            -6.047823429107666,
            0.04097175598144531,
            -11.949309349060059
        ]
    ],
    "wine_bucket.n.01": [
        [
            -10.022780418395996,
            0.04097175598144531,
            -10.899209976196289
        ]
    ],
    "stairway.n.01,stairs.n.01": [
        [
            -0.6129425764083862,
            0.04097175598144531,
            -3.8396997451782227
        ],
        [
            -6.107920169830322,
            0.04097175598144531,
            -1.5234252214431763
        ]
    ],
    "printer.n.03": [
        [
            -0.978935718536377,
            0.04097175598144531,
            -2.1822803020477295
        ]
    ],
    "end_table.n.01": [
        [
            -3.9748547077178955,
            0.04097175598144531,
            -8.496990203857422
        ]
    ],
    "console_table.n.01": [
        [
            -0.9756248593330383,
            0.04097175598144531,
            -12.07847785949707
        ]
    ],
    "table.n.02": [
        [
            -7.905884265899658,
            0.04097175598144531,
            -10.15052604675293
        ]
    ],
    "bathtub.n.01": [
        [
            -8.637600898742676,
            0.04097175598144531,
            -4.941417694091797
        ]
    ],
    "glass.n.02": [
        [
            -10.04887580871582,
            0.04097175598144531,
            -12.397315979003906
        ],
        [
            -10.038448333740234,
            0.04097175598144531,
            -11.879353523254395
        ],
        [
            -10.048376083374023,
            0.04097175598144531,
            -11.103548049926758
        ]
    ],
    "sofa.n.01": [
        [
            -4.16780424118042,
            0.6741082072257996,
            -1.2298262119293213
        ]
    ],
    "television_receiver.n.01": [
        [
            -2.6009669303894043,
            0.04097175598144531,
            -3.82193922996521
        ],
        [
            -8.93117618560791,
            0.04097175598144531,
            -3.784073829650879
        ],
        [
            -2.873081922531128,
            0.043836213648319244,
            -12.33248519897461
        ]
    ],
    "ceiling_lamp.n.01": [
        [
            -9.15259838104248,
            0.04097175598144531,
            -2.756642725667774
        ],
        [
            -2.73559832572937,
            0.04097175598144531,
            -2.6226429091308603
        ],
        [
            -5.798597812652588,
            0.04097175598144531,
            -3.6276427252505385
        ],
        [
            -1.5783336162567139,
            0.08741167187690735,
            -10.005613327026367
        ],
        [
            -1.465598225593567,
            0.04097175598144531,
            -6.73164263179045
        ],
        [
            -5.9025983810424805,
            0.04097175598144531,
            -10.071642108461688
        ],
        [
            -9.865598678588867,
            0.04097175598144531,
            -10.063642688772475
        ],
        [
            -5.8885979652404785,
            0.04097175598144531,
            -6.596642410955255
        ]
    ],
    "heating_system.n.01": [
        [
            -10.442120552062988,
            0.04097175598144531,
            -6.4799580574035645
        ],
        [
            -9.717618942260742,
            0.04097175598144531,
            -6.452436923980713
        ]
    ],
    "kitchen_cabinet.n.02": [
        [
            -10.458831787109375,
            0.04097175598144531,
            -11.329181671142578
        ]
    ],
    "coffee_table.n.01": [
        [
            -2.601910352706909,
            0.6045385599136353,
            -10.296778678894043
        ]
    ],
    "bench.n.01": [
        [
            -5.750143051147461,
            0.04097175598144531,
            -11.783761978149414
        ]
    ],
    "shot_glass.n.01": [
        [
            -10.003839492797852,
            0.04097175598144531,
            -11.396925926208496
        ]
    ],
    "bar.n.02": [
        [
            -10.017985343933105,
            0.04097175598144531,
            -11.411148071289062
        ]
    ],
    "bed.n.01": [
        [
            -8.908355712890625,
            0.6409716606140137,
            -1.6967120170593262
        ]
    ],
    "hanging_cabinet.n.01": [
        [
            -10.455371856689453,
            0.04097175598144531,
            -10.202489852905273
        ],
        [
            -10.505134582519531,
            0.04097175598144531,
            -10.725316047668457
        ],
        [
            -10.478437423706055,
            0.04097175598144531,
            -11.245194435119629
        ],
        [
            -10.501690864562988,
            0.04097175598144531,
            -11.389097213745117
        ],
        [
            -10.4642972946167,
            0.04097175598144531,
            -12.033262252807617
        ]
    ],
    "refrigerator.n.01": [
        [
            -10.521021842956543,
            0.04097175598144531,
            -8.949179649353027
        ]
    ],
    "desk.n.01": [
        [
            -1.1260473728179932,
            0.04097175598144531,
            -1.3288633823394775
        ]
    ],
    "l-shaped_couch.n.01": [
        [
            -1.9495582580566406,
            0.04097175598144531,
            -9.8941387001193
        ]
    ],
    "swivel_chair.n.01": [
        [
            -1.1854511499404907,
            0.04097175598144531,
            -1.1518489122390747
        ]
    ],
    "pendant_lamp.n.01": [
        [
            -9.877432823181152,
            0.04097175598144531,
            -7.141997698426351
        ],
        [
            -2.801602840423584,
            0.04097175598144531,
            -5.03966713907316
        ]
    ],
    "cabinet.n.01": [
        [
            -1.2173213958740234,
            0.04097175598144531,
            -4.959380149841309
        ],
        [
            -2.0509488582611084,
            0.04097175598144531,
            -4.873963356018066
        ],
        [
            -2.8047752380371094,
            0.04097175598144531,
            -4.854211807250977
        ],
        [
            -3.4652352333068848,
            0.04097175598144531,
            -4.850335597991943
        ]
    ],
    "cocktail_shaker.n.01": [
        [
            -10.010595321655273,
            0.04097175598144531,
            -12.18819808959961
        ]
    ],
    "microwave.n.02": [
        [
            -10.492339134216309,
            0.04097175598144531,
            -12.201204299926758
        ]
    ],
    "table_lamp.n.01": [
        [
            -10.34711742401123,
            0.04097175598144531,
            -0.9774625897407532
        ]
    ],
    "nightstand.n.01": [
        [
            -10.493395805358887,
            0.04097175598144531,
            -0.9805757999420166
        ]
    ],
    "chest_of_drawers.n.01": [
        [
            -7.689146041870117,
            0.04097175598144531,
            -0.9182512760162354
        ]
    ]
}