{
    "jar.n.01": [
        [
            -14.438982009887695,
            0.17660212516784668,
            -0.005481511354446411
        ]
    ],
    "wall_sign.n.01": [
        [
            -13.5004243850708,
            0.17660212516784668,
            -2.0445358753204346
        ]
    ],
    "desk.n.01": [
        [
            -2.0654146671295166,
            0.17660212516784668,
            2.9806907176971436
        ],
        [
            -2.0307776927948,
            0.17660212516784668,
            3.9376320838928223
        ],
        [
            -11.257109642028809,
            0.17660212516784668,
            3.3853671550750732
        ]
    ],
    "potted_plant.n.01": [
        [
            -3.0406041145324707,
            0.1772126853466034,
            1.2280519008636475
        ],
        [
            -4.414309501647949,
            0.42685040831565857,
            0.5657509565353394
        ],
        [
            -8.78555679321289,
            0.19388163089752197,
            0.7061030864715576
        ],
        [
            -5.461242198944092,
            0.17660212516784668,
            1.0987708568572998
        ],
        [
            -6.0615363121032715,
            0.17660212516784668,
            1.3835153579711914
        ]
    ],
    "china_cabinet.n.01": [
        [
            -13.238266944885254,
            0.17660212516784668,
            -0.703546941280365
        ]
    ],
    "table_lamp.n.01": [
        [
            -11.270636558532715,
            0.17660212516784668,
            4.144117832183838
        ],
        [
            -1.8866426944732666,
            0.17660212516784668,
            3.268083095550537
        ],
        [
            -1.8590939044952393,
            0.17660212516784668,
            3.6352922916412354
        ],
        [
            -11.294575691223145,
            0.17660212516784668,
            3.346886157989502
        ],
        [
            -9.045953750610352,
            0.17660212516784668,
            -0.3973749577999115
        ],
        [
            -11.40534496307373,
            0.17660212516784668,
            0.742643415927887
        ],
        [
            -1.9203979969024658,
            0.28507810831069946,
            1.5606591701507568
        ],
        [
            -2.2859420776367188,
            0.17660212516784668,
            4.725733280181885
        ]
    ],
    "window_blind.n.01": [
        [
            -11.699823379516602,
            0.7766021490097046,
            5.114317893981934
        ],
        [
            -11.318477630615234,
            0.17660212516784668,
            3.3252696990966797
        ],
        [
            -15.251543998718262,
            0.17660212516784668,
            0.8497611284255981
        ]
    ],
    "candle.n.01,candlestick.n.01": [
        [
            -10.990631103515625,
            0.9766021370887756,
            -0.5000819563865662
        ],
        [
            -6.021435260772705,
            0.17660212516784668,
            -1.2741646766662598
        ]
    ],
    "television_receiver.n.01": [
        [
            -4.096841812133789,
            0.17660212516784668,
            2.466500759124756
        ]
    ],
    "plush_toy.n.01": [
        [
            -4.786012649536133,
            0.17660212516784668,
            4.5833024978637695
        ],
        [
            -3.205651044845581,
            0.8786030411720276,
            4.225315570831299
        ]
    ],
    "wall_art.n.01": [
        [
            -2.0523147583007812,
            0.17943577468395233,
            1.597608208656311
        ],
        [
            -4.337741374969482,
            0.7786263227462769,
            -1.226637363433838
        ],
        [
            -2.2560503482818604,
            0.17660212516784668,
            4.651174068450928
        ],
        [
            -4.1054277420043945,
            0.6418357491493225,
            4.67486572265625
        ],
        [
            -10.241372108459473,
            0.17660212516784668,
            2.554957866668701
        ],
        [
            -6.579211711883545,
            0.17660212516784668,
            3.6792821884155273
        ],
        [
            -14.622509002685547,
            0.17660212516784668,
            -2.0068655014038086
        ],
        [
            -14.121994972229004,
            0.17660212516784668,
            -1.9873123168945312
        ]
    ],
    "pendant_lamp.n.01": [
        [
            -9.379603385925293,
            0.6216258406639099,
            1.323360800743103
        ],
        [
            -1.862455129623413,
            0.5510802268981934,
            1.2977205514907837
        ],
        [
            -4.3802995681762695,
            0.17660212516784668,
            -0.3513214795993793
        ],
        [
            -10.954870223999023,
            0.17660212516784668,
            -1.318164222349857
        ],
        [
            -14.094378471374512,
            0.17660212516784668,
            -1.9439360652007878
        ],
        [
            -10.471837043762207,
            0.17660212516784668,
            -1.4274241788730393
        ]
    ],
    "shower_stall.n.01": [
        [
            -13.277667999267578,
            0.17660212516784668,
            0.20555710792541504
        ],
        [
            -15.044289588928223,
            0.17660212516784668,
            0.12623631954193115
        ]
    ],
    "window_curtain.n.01": [
        [
            -1.539089560508728,
            0.5253037214279175,
            0.7539252638816833
        ],
        [
            -11.793733596801758,
            0.17660212516784668,
            2.415144681930542
        ],
        [
            -1.5946662425994873,
            0.2030392587184906,
            -0.07842592895030975
        ],
        [
            -6.374424457550049,
            0.17660212516784668,
            2.6566247940063477
        ],
        [
            -1.8580565452575684,
            0.17660212516784668,
            3.5621631145477295
        ]
    ],
    "console_table.n.01": [
        [
            -4.090137481689453,
            0.18798629939556122,
            1.0765910148620605
        ]
    ],
    "rug.n.01": [
        [
            -9.751203536987305,
            0.7806087136268616,
            0.6589891314506531
        ],
        [
            -2.0649056434631348,
            0.2637031078338623,
            1.3711397647857666
        ],
        [
            -7.13474178314209,
            0.17660212516784668,
            3.0540595618450794
        ],
        [
            -3.7318198680877686,
            0.17660212516784668,
            3.441388401902401
        ],
        [
            -14.124750137329102,
            0.17660212516784668,
            -2.04477607937001
        ],
        [
            -4.588417053222656,
            0.17660212516784668,
            -0.5751529589204196
        ],
        [
            -9.859735488891602,
            0.17660212516784668,
            4.2360405921936035
        ]
    ],
    "nightstand.n.01": [
        [
            -11.428375244140625,
            0.17660212516784668,
            0.7141525745391846
        ],
        [
            -9.009469032287598,
            0.1903861165046692,
            0.7050386071205139
        ]
    ],
    "end_table.n.01": [
        [
            -5.805365085601807,
            0.17660212516784668,
            -1.0876926727478065
        ],
        [
            -1.5455869436264038,
            0.3664514720439911,
            0.5049165487289429
        ]
    ],