{
    "swivel_chair.n.01": [
        [
            -0.7303741574287415,
            0.17873504757881165,
            -4.498692512512207
        ],
        [
            -5.214160919189453,
            0.17873504757881165,
            -7.078463554382324
        ],
        [
            -2.395230293273926,
            0.17873504757881165,
            -2.2090272903442383
        ],
        [
            -11.850449562072754,
            0.17873504757881165,
            -5.805710792541504
        ]
    ],
    "telephone.n.01": [
        [
            -2.3130152225494385,
            0.4396800398826599,
            -5.5514678955078125
        ],
        [
            -4.291714668273926,
            0.17873504757881165,
            -6.0731916427612305
        ],
        [
            -11.171096801757812,
            0.17873504757881165,
            -6.521747589111328
        ]
    ],
    "whiteboard.n.01": [
        [
            -3.11299204826355,
            0.17873504757881165,
            -0.679051399230957
        ]
    ],
    "desk.n.01": [
        [
            -0.4023682475090027,
            0.17873504757881165,
            -0.9196246862411499
        ],
        [
            -1.7959239482879639,
            0.17873504757881165,
            -0.9202804565429688
        ],
        [
            -2.5229132175445557,
            0.17873504757881165,
            -1.2063018083572388
        ],
        [
            -10.36854362487793,
            0.17873504757881165,
            -4.630156993865967
        ]
    ],
    "wall_art.n.01": [
        [
            -8.273336410522461,
            0.5947213172912598,
            -3.346151828765869
        ],
        [
            0.15387344360351562,
            0.17873504757881165,
            -3.8327746391296387
        ],
        [
            -4.324970722198486,
            0.17873504757881165,
            -2.849102735519409
        ],
        [
            -11.890706062316895,
            0.17873504757881165,
            -3.746255397796631
        ],
        [
            -8.306499481201172,
            0.9135243892669678,
            -2.9210665225982666
        ],
        [
            -6.394669055938721,
            0.17873504757881165,
            -2.1126348972320557
        ],
        [
            -12.051259994506836,
            0.17873504757881165,
            -2.1392855644226074
        ]
    ],
    "printer.n.03": [
        [
            -6.336961269378662,
            0.17873504757881165,
            -3.3307723999023438
        ],
        [
            -7.052557945251465,
            0.17873504757881165,
            -3.3466763496398926
        ]
    ],
    "desk_organizer.n.01": [
        [
            2.760061025619507,
            0.7787350416183472,
            -7.179115300231231
        ],
        [
            5.371835708618164,
            0.7787350416183472,
            -5.3381177140403935
        ]
    ],
    "sofa.n.01": [
        [
            -9.003523826599121,
            0.7787350416183472,
            -3.0544438925716833
        ]
    ],
    "dining_area.n.01": [
        [
            2.4990532104013736,
            0.7787350416183472,
            1.0539480542952258
        ],
        [
            3.739255171489192,
            0.7787350416183472,
            -1.0669412015741861
        ],
        [
            2.41660098905144,
            0.7787350416183472,
            0.3662601360739436
        ],
        [
            3.821706346493147,
            0.7787350416183472,
            -0.37925559983117696
        ],
        [
            2.416608639150781,
            0.7787350416183472,
            -0.37402053968624527
        ],
        [
            2.4990667538865674,
            0.7787350416183472,
            -1.0698534501811725
        ],
        [
            3.1215794325982413,
            0.7787350416183472,
            1.619605387583682
        ],
        [
            3.7392411823520697,
            0.7787350416183472,
            1.0568582487257787
        ],
        [
            3.116803019532192,
            0.7787350416183472,
            -1.631908260195345
        ],
        [
            3.8216993414376113,
            0.7787350416183472,
            0.3610231771021203
        ],
        [
            3.118937879787842,
            0.7787350416183472,
            -0.005749136346630499
        ]
    ],
    "cabinet.n.01": [
        [
            -8.469523429870605,
            0.17873504757881165,
            -6.431333541870117
        ],
        [
            1.3674495220184326,
            0.17873504757881165,
            0.4292747974395752
        ],
        [
            1.3809877634048462,
            0.17873504757881165,
            -0.40646111965179443
        ]
    ],
    "potted_plant.n.01": [
        [
            -1.7749876976013184,
            0.17873504757881165,
            -3.6636760234832764
        ],
        [
            -6.503381729125977,
            0.19272933900356293,
            -5.573138236999512
        ],
        [
            -11.539268493652344,
            0.17873504757881165,
            -1.2199666500091553
        ]
    ],
    "easy_chair.n.01": [
        [
            -2.7790026664733887,
            0.7787350416183472,
            -5.4499112695508245
        ],
        [
            -2.804262399673462,
            0.7787350416183472,
            -4.338840226004095
        ],
        [
            -6.148619174957275,
            0.7787350416183472,
            -5.0646950563969995
        ],
        [
            -4.966968536376953,
            0.7787350416183472,
            -5.08995502651004
        ]
    ],
    "console_table.n.01": [
        [
            -6.758239269256592,
            0.17873504757881165,
            -3.3392438888549805
        ]
    ],
    "china_cabinet.n.01": [
        [
            4.591122627258301,
            0.17873504757881165,
            -3.833895206451416
        ],
        [
            3.215435028076172,
            0.17873504757881165,
            -3.8322079181671143
        ],
        [
            6.0253825187683105,
            0.17873504757881165,
            -3.8377439975738525
        ],
        [
            1.8789560794830322,
            0.17873504757881165,
            -3.850821018218994
        ]
    ],
    "conference_table.n.01": [
        [
            -2.3347713947296143,
            0.4992676377296448,
            -4.928774833679199
        ],
        [
            -5.652870178222656,
            0.19459711015224457,
            -5.467916488647461
        ]
    ],
    "table_lamp.n.01": [
        [
            -11.731144905090332,
            0.17873504757881165,
            -3.6535611152648926
        ]
    ],
    "dining_table.n.01": [
        [
            -6.7722930908203125,
            0.17873504757881165,
            -1.4314982891082764
        ]
    ],
    "laptop.n.01": [
        [
            -0.7388107776641846,
            0.17873504757881165,
            -0.9678375720977783
        ]
    ],
    "ashcan.n.01": [
        [
            -10.546432495117188,
            0.7308030128479004,
            -2.8191893100738525
        ]
    ],
    "bar_stool.n.01": [
        [
            -7.155667304992676,
            0.17873504757881165,
            -1.0028635263442993
        ]
    ],
    "refrigerator.n.01": [
        [
            -4.419004917144775,
            0.17873504757881165,
            -1.8383148908615112
        ]
    ],
    "chair.n.01": [
        [
            -8.301380157470703,
            0.9658673405647278,
            -2.8360092639923096
        ],
        [
            -6.727498531341553,
            0.17873504757881165,
            -1.4550234079360962
        ]
    ],
    "paper_organizer.n.01": [
        [
            5.789189338684082,
            0.7787350416183472,
            -7.169984346033047
        ],
        [
            2.285512685775757,
            0.7787350416183472,
            -6.065023016630207
        ]
    ],