{
    "towel_rack.n.01": [
        [
            -10.867708206176758,
            2.8806731700897217,
            0.389699250459671
        ]
    ],
    "potted_plant.n.01": [
        [
            -12.932954788208008,
            1.0774320363998413,
            -7.099383354187012
        ],
        [
            -3.82977557182312,
            3.0806734561920166,
            0.6696949005126953
        ]
    ],
    "rug.n.01": [
        [
            -3.772732973098755,
            3.0806734561920166,
            0.6758096814155579
        ],
        [
            -10.873620986938477,
            2.8806731700897217,
            -0.002857244573533535
        ]
    ],
    "throw_pillow.n.01": [
        [
            -0.6534157395362854,
            1.0063554048538208,
            0.11853215098381042
        ]
    ],
    "wall_lamp.n.01": [
        [
            -12.932668685913086,
            1.0552666187286377,
            -6.18759298324585
        ],
        [
            -10.869888305664062,
            2.8806731700897217,
            0.38797852396965027
        ],
        [
            -6.201636791229248,
            3.0806734561920166,
            0.6563947200775146
        ],
        [
            -3.7376725673675537,
            3.0806734561920166,
            0.7033306360244751
        ],
        [
            -10.82797622680664,
            2.8806731700897217,
            0.0018356060609221458
        ]
    ],
    "kitchen_island.n.01": [
        [
            -8.44969367980957,
            2.8806731700897217,
            0.0119660384953022
        ]
    ],
    "mirror.n.01": [
        [
            -10.8479642868042,
            2.8806731700897217,
            0.019668884575366974
        ]
    ],
    "toilet.n.02": [
        [
            -10.867780685424805,
            2.8806731700897217,
            0.1959434449672699
        ]
    ],
    "beanbag_chair.n.01": [
        [
            -0.7258060574531555,
            0.996579110622406,
            0.1139049232006073
        ]
    ],
    "bowl.n.01": [
        [
            -9.203078269958496,
            2.8806731700897217,
            0.007136260159313679
        ]
    ],
    "candle.n.01,candlestick.n.01": [
        [
            -10.789705276489258,
            2.8806731700897217,
            0.026492303237318993
        ]
    ],
    "clothes_tree.n.01": [
        [
            -12.959446907043457,
            1.0721328258514404,
            -6.0993804931640625
        ]
    ],
    "ashcan.n.01": [
        [
            -10.866645812988281,
            2.8806731700897217,
            0.18199852108955383
        ],
        [
            -12.966341018676758,
            1.0730295181274414,
            -6.844804763793945
        ],
        [
            -6.115761756896973,
            3.0806734561920166,
            0.6674665808677673
        ]
    ],
    "bench.n.01": [
        [
            -3.964416742324829,
            2.8806731700897217,
            1.960610034429422
        ]
    ],
    "kitchen_cabinet.n.02": [
        [
            -8.653196334838867,
            2.8806731700897217,
            0.12746972575964133
        ]
    ],
    "carafe.n.01": [
        [
            -8.238809585571289,
            2.8806731700897217,
            -0.002027486450970173
        ]
    ],
    "ceiling_fan.n.01": [
        [
            -4.679747104644775,
            3.0806734561920166,
            0.6464589834213257
        ],
        [
            -12.487754821777344,
            0.9662662148475647,
            -6.214601993560791
        ]
    ],
    "sink_cabinet.n.01": [
        [
            -10.870798110961914,
            2.8806731700897217,
            0.006179951597005129
        ]
    ],
    "ceiling_lamp.n.01": [
        [
            -8.572362899780273,
            2.8806731700897217,
            0.007788014132529497
        ]
    ],
    "swing_bench.n.01": [
        [
            -8.204103469848633,
            2.0806734561920166,
            1.5746703147888184
        ]
    ],
    "washer.n.03,dryer.n.01": [
        [
            -12.962413787841797,
            1.0691022872924805,
            -6.572338104248047
        ]
    ],
    "wall_art.n.01": [
        [
            -12.9187650680542,
            1.0721921920776367,
            -7.151992321014404
        ]
    ],
    "bed.n.01": [
        [
            -12.197280883789062,
            0.8979194164276123,
            -6.537724494934082
        ]
    ],
    "curtain.n.01": [
        [
            -0.7707245945930481,
            0.968392014503479,
            0.1217498928308487
        ],
        [
            -3.7412774562835693,
            3.0806734561920166,
            0.6574768424034119
        ]
    ],
    "window.n.01": [
        [
            -3.725747585296631,
            3.0806734561920166,
            0.766594648361206
        ],
        [
            -10.850423812866211,
            2.8806731700897217,
            0.3662221431732178
        ]
    ],
    "double_door.n.01": [
        [
            -5.00232458114624,
            3.0806734561920166,
            0.8135806322097778
        ]
    ]
}